ZipCode,2020-10-22,2020-10-23,2020-10-24,2020-10-25,2020-10-26,2020-10-27,2020-10-28,2020-10-29,2020-10-30,2020-10-31,2020-11-01,2020-11-02,2020-11-03,2020-11-04,2020-11-05,2020-11-06,2020-11-07,2020-11-08,2020-11-09,2020-11-10,2020-11-11,2020-11-12,2020-11-13,2020-11-16,2020-11-17,2020-11-18,2020-11-19,2020-11-20,2020-11-21,2020-11-22,2020-11-23
85003,,4.0,3.0,5.0,0.0,3.0,0.0,2.0,5.0,0.0,4.0,0.0,7.0,0.0,3.0,3.0,0.0,2.0,0.0,7.0,0.0,-1.0,0.0,13.0,7.0,5.0,2.0,5.0,11.0,10.0,4.0
85004,,0.0,2.0,3.0,0.0,8.0,1.0,2.0,2.0,3.0,0.0,0.0,0.0,1.0,1.0,3.0,7.0,1.0,1.0,12.0,0.0,4.0,0.0,28.0,5.0,9.0,2.0,1.0,4.0,6.0,2.0
85006,,-3.0,14.0,10.0,0.0,17.0,5.0,7.0,4.0,10.0,7.0,0.0,2.0,-3.0,3.0,4.0,8.0,5.0,1.0,24.0,0.0,1.0,0.0,31.0,7.0,10.0,7.0,14.0,7.0,13.0,3.0
85007,,2.0,13.0,6.0,0.0,9.0,5.0,5.0,28.0,8.0,6.0,0.0,-3.0,3.0,8.0,16.0,22.0,8.0,1.0,9.0,0.0,2.0,0.0,44.0,4.0,11.0,9.0,10.0,6.0,19.0,2.0
85008,,0.0,3.0,27.0,0.0,5.0,6.0,11.0,18.0,19.0,34.0,0.0,15.0,3.0,9.0,29.0,23.0,18.0,5.0,54.0,0.0,8.0,0.0,66.0,18.0,23.0,46.0,39.0,29.0,40.0,25.0
85009,,31.0,41.0,33.0,0.0,96.0,-7.0,29.0,35.0,79.0,26.0,0.0,73.0,3.0,67.0,35.0,78.0,53.0,24.0,128.0,0.0,15.0,0.0,204.0,105.0,9.0,44.0,0.0,3.0,21.0,24.0
85012,,5.0,-1.0,3.0,0.0,0.0,0.0,1.0,-1.0,2.0,2.0,0.0,-2.0,-1.0,4.0,1.0,0.0,5.0,2.0,3.0,0.0,3.0,0.0,11.0,3.0,6.0,3.0,4.0,2.0,6.0,4.0
85013,,2.0,2.0,2.0,0.0,5.0,1.0,5.0,2.0,5.0,4.0,0.0,9.0,0.0,3.0,10.0,5.0,5.0,1.0,15.0,0.0,2.0,0.0,33.0,5.0,9.0,6.0,14.0,13.0,16.0,6.0
85014,,11.0,-4.0,2.0,0.0,9.0,5.0,7.0,4.0,12.0,5.0,0.0,2.0,6.0,6.0,13.0,11.0,15.0,-13.0,14.0,0.0,9.0,0.0,29.0,9.0,11.0,9.0,16.0,14.0,17.0,10.0
85015,,0.0,1.0,5.0,0.0,12.0,1.0,1.0,-1.0,8.0,14.0,0.0,11.0,2.0,9.0,20.0,11.0,8.0,1.0,25.0,0.0,1.0,0.0,36.0,18.0,22.0,29.0,22.0,20.0,27.0,13.0
85016,,-1.0,5.0,13.0,0.0,10.0,-2.0,-2.0,11.0,5.0,17.0,0.0,19.0,2.0,9.0,10.0,10.0,12.0,7.0,44.0,0.0,-2.0,0.0,58.0,13.0,19.0,20.0,24.0,15.0,25.0,9.0
85017,,8.0,6.0,15.0,0.0,16.0,2.0,3.0,13.0,7.0,12.0,0.0,10.0,7.0,18.0,30.0,19.0,24.0,4.0,37.0,0.0,8.0,0.0,107.0,15.0,25.0,16.0,15.0,21.0,31.0,19.0
85018,,6.0,4.0,4.0,0.0,11.0,8.0,4.0,12.0,5.0,4.0,0.0,8.0,7.0,5.0,7.0,11.0,4.0,2.0,20.0,0.0,5.0,0.0,33.0,11.0,19.0,11.0,20.0,23.0,13.0,6.0
85019,,2.0,8.0,3.0,0.0,12.0,7.0,5.0,8.0,4.0,10.0,0.0,9.0,0.0,11.0,5.0,11.0,7.0,0.0,13.0,0.0,6.0,0.0,40.0,14.0,13.0,14.0,15.0,9.0,20.0,16.0
85020,,6.0,2.0,6.0,0.0,1.0,4.0,3.0,8.0,7.0,12.0,0.0,8.0,4.0,12.0,8.0,5.0,11.0,1.0,25.0,0.0,0.0,0.0,44.0,6.0,18.0,12.0,14.0,9.0,13.0,6.0
85021,,5.0,6.0,9.0,0.0,12.0,1.0,10.0,11.0,3.0,4.0,0.0,9.0,4.0,7.0,7.0,10.0,5.0,5.0,20.0,0.0,3.0,0.0,46.0,9.0,24.0,16.0,16.0,18.0,26.0,12.0
85022,,2.0,4.0,6.0,0.0,22.0,4.0,0.0,13.0,16.0,10.0,0.0,4.0,1.0,8.0,3.0,6.0,11.0,5.0,23.0,0.0,1.0,0.0,51.0,7.0,18.0,17.0,22.0,19.0,23.0,9.0
85023,,2.0,3.0,7.0,0.0,6.0,6.0,7.0,8.0,2.0,14.0,0.0,9.0,1.0,2.0,5.0,10.0,6.0,0.0,25.0,0.0,2.0,0.0,26.0,10.0,19.0,6.0,11.0,17.0,13.0,6.0
85024,,4.0,-1.0,5.0,0.0,2.0,1.0,3.0,6.0,6.0,-1.0,0.0,0.0,1.0,5.0,8.0,2.0,5.0,0.0,9.0,0.0,1.0,0.0,32.0,6.0,8.0,8.0,8.0,9.0,17.0,5.0
85027,,3.0,1.0,7.0,0.0,8.0,4.0,4.0,14.0,3.0,10.0,0.0,8.0,4.0,10.0,8.0,5.0,6.0,6.0,18.0,0.0,2.0,0.0,30.0,12.0,13.0,19.0,20.0,10.0,15.0,16.0
85028,,3.0,1.0,0.0,0.0,2.0,1.0,0.0,2.0,2.0,0.0,0.0,2.0,2.0,3.0,8.0,5.0,0.0,0.0,7.0,0.0,5.0,0.0,6.0,9.0,7.0,5.0,6.0,7.0,7.0,3.0
85029,,0.0,3.0,10.0,0.0,7.0,9.0,5.0,7.0,6.0,16.0,0.0,12.0,7.0,10.0,11.0,12.0,10.0,1.0,25.0,0.0,9.0,0.0,59.0,14.0,26.0,8.0,25.0,23.0,26.0,11.0
85031,,7.0,6.0,20.0,0.0,8.0,6.0,3.0,14.0,4.0,11.0,0.0,22.0,4.0,15.0,8.0,8.0,1.0,2.0,12.0,0.0,4.0,0.0,31.0,11.0,8.0,13.0,10.0,12.0,16.0,9.0
85032,,7.0,5.0,7.0,0.0,22.0,8.0,10.0,12.0,19.0,17.0,0.0,19.0,11.0,16.0,29.0,23.0,25.0,5.0,48.0,0.0,7.0,0.0,105.0,16.0,22.0,26.0,26.0,18.0,34.0,23.0
85033,,4.0,9.0,22.0,0.0,12.0,7.0,13.0,16.0,11.0,9.0,0.0,9.0,5.0,24.0,12.0,23.0,19.0,2.0,43.0,0.0,5.0,0.0,63.0,26.0,37.0,31.0,35.0,27.0,31.0,17.0
85034,,1.0,2.0,1.0,0.0,5.0,2.0,0.0,2.0,-1.0,4.0,0.0,0.0,-1.0,5.0,4.0,5.0,1.0,0.0,10.0,0.0,1.0,0.0,11.0,1.0,10.0,2.0,6.0,5.0,1.0,4.0
85035,,4.0,4.0,21.0,0.0,20.0,3.0,6.0,23.0,16.0,13.0,0.0,18.0,6.0,16.0,25.0,21.0,19.0,5.0,42.0,0.0,9.0,0.0,67.0,22.0,19.0,31.0,39.0,24.0,30.0,23.0
85037,,6.0,8.0,20.0,0.0,19.0,10.0,20.0,15.0,20.0,24.0,0.0,15.0,7.0,19.0,24.0,10.0,11.0,6.0,40.0,0.0,10.0,0.0,65.0,15.0,24.0,32.0,26.0,30.0,38.0,21.0
85040,,9.0,4.0,2.0,0.0,17.0,4.0,2.0,6.0,4.0,7.0,0.0,2.0,1.0,5.0,9.0,9.0,5.0,3.0,23.0,0.0,10.0,0.0,52.0,7.0,17.0,25.0,27.0,22.0,19.0,10.0
85041,,4.0,13.0,25.0,0.0,26.0,4.0,15.0,5.0,14.0,14.0,0.0,12.0,7.0,27.0,22.0,16.0,12.0,1.0,47.0,0.0,6.0,0.0,99.0,22.0,37.0,22.0,33.0,38.0,40.0,34.0
85042,,7.0,6.0,13.0,0.0,8.0,4.0,7.0,10.0,4.0,13.0,0.0,11.0,0.0,10.0,13.0,14.0,7.0,1.0,26.0,0.0,9.0,0.0,48.0,13.0,12.0,34.0,26.0,26.0,24.0,15.0
85043,,5.0,4.0,6.0,0.0,12.0,15.0,7.0,6.0,17.0,9.0,0.0,10.0,-1.0,4.0,20.0,10.0,10.0,2.0,42.0,0.0,2.0,0.0,47.0,8.0,21.0,29.0,24.0,16.0,24.0,20.0
85044,,8.0,2.0,3.0,0.0,12.0,2.0,1.0,14.0,7.0,5.0,0.0,11.0,1.0,3.0,8.0,9.0,10.0,6.0,32.0,0.0,8.0,0.0,42.0,8.0,7.0,18.0,20.0,9.0,26.0,11.0
85045,,0.0,1.0,3.0,0.0,2.0,0.0,-1.0,1.0,2.0,1.0,0.0,1.0,-1.0,1.0,1.0,3.0,1.0,0.0,3.0,0.0,0.0,0.0,12.0,3.0,3.0,4.0,2.0,5.0,4.0,1.0
85048,,3.0,3.0,3.0,0.0,5.0,6.0,6.0,4.0,5.0,6.0,0.0,19.0,3.0,8.0,7.0,18.0,9.0,1.0,14.0,0.0,3.0,0.0,30.0,7.0,13.0,16.0,20.0,9.0,19.0,14.0
85050,,0.0,4.0,6.0,0.0,6.0,1.0,5.0,12.0,12.0,4.0,0.0,10.0,0.0,3.0,3.0,6.0,4.0,1.0,12.0,0.0,9.0,0.0,25.0,14.0,13.0,20.0,1.0,22.0,14.0,7.0
85051,,2.0,3.0,7.0,0.0,7.0,6.0,2.0,4.0,16.0,11.0,0.0,13.0,7.0,10.0,9.0,18.0,3.0,1.0,22.0,0.0,1.0,0.0,49.0,9.0,26.0,18.0,17.0,18.0,22.0,16.0
85053,,6.0,0.0,8.0,0.0,5.0,4.0,7.0,10.0,7.0,4.0,0.0,9.0,-1.0,5.0,10.0,8.0,6.0,1.0,23.0,0.0,6.0,0.0,37.0,14.0,4.0,11.0,10.0,4.0,15.0,5.0
85054,,0.0,3.0,0.0,0.0,2.0,0.0,3.0,0.0,3.0,4.0,0.0,3.0,0.0,8.0,4.0,1.0,2.0,0.0,4.0,0.0,1.0,0.0,9.0,0.0,8.0,5.0,6.0,3.0,4.0,5.0
85083,,6.0,5.0,5.0,0.0,10.0,-1.0,3.0,3.0,4.0,2.0,0.0,9.0,1.0,11.0,4.0,2.0,7.0,2.0,21.0,0.0,2.0,0.0,46.0,10.0,8.0,12.0,9.0,4.0,16.0,3.0
85085,,3.0,1.0,1.0,0.0,0.0,1.0,4.0,9.0,12.0,2.0,0.0,7.0,-1.0,10.0,9.0,4.0,5.0,1.0,13.0,0.0,5.0,0.0,23.0,8.0,11.0,12.0,8.0,12.0,13.0,2.0
85086,,4.0,3.0,10.0,0.0,4.0,3.0,7.0,8.0,17.0,4.0,0.0,7.0,11.0,7.0,3.0,4.0,6.0,3.0,14.0,0.0,5.0,0.0,58.0,13.0,8.0,14.0,16.0,13.0,16.0,8.0
85087,,1.0,0.0,2.0,0.0,2.0,0.0,1.0,5.0,2.0,2.0,0.0,3.0,0.0,5.0,2.0,2.0,1.0,0.0,4.0,0.0,0.0,0.0,10.0,2.0,3.0,1.0,3.0,3.0,5.0,0.0
85118,,1.0,-1.0,0.0,0.0,6.0,4.0,2.0,0.0,8.0,0.0,0.0,1.0,0.0,3.0,2.0,14.0,0.0,3.0,6.0,0.0,1.0,0.0,15.0,12.0,5.0,4.0,7.0,16.0,5.0,6.0
85119,,6.0,0.0,0.0,0.0,7.0,2.0,3.0,-2.0,7.0,3.0,0.0,6.0,6.0,12.0,1.0,11.0,1.0,4.0,16.0,0.0,1.0,0.0,25.0,5.0,14.0,7.0,6.0,6.0,3.0,6.0
85120,,2.0,0.0,2.0,0.0,4.0,14.0,8.0,1.0,7.0,0.0,0.0,12.0,4.0,11.0,0.0,21.0,5.0,6.0,25.0,0.0,1.0,0.0,55.0,9.0,21.0,7.0,21.0,16.0,18.0,10.0
85121,,0.0,0.0,0.0,0.0,0.0,0.0,0.0,0.0,0.0,0.0,0.0,0.0,0.0,0.0,0.0,0.0,0.0,0.0,0.0,0.0,0.0,0.0,0.0,0.0,0.0,0.0,0.0,0.0,0.0,0.0
85121,,0.0,0.0,0.0,0.0,0.0,0.0,0.0,0.0,0.0,0.0,0.0,0.0,0.0,0.0,0.0,0.0,0.0,0.0,0.0,0.0,0.0,0.0,0.0,0.0,0.0,0.0,0.0,0.0,0.0,0.0
85122,,12.0,7.0,1.0,0.0,20.0,6.0,10.0,1.0,12.0,5.0,0.0,25.0,6.0,21.0,3.0,46.0,1.0,12.0,33.0,0.0,3.0,0.0,86.0,40.0,19.0,41.0,39.0,24.0,29.0,36.0
85123,,0.0,1.0,2.0,0.0,-1.0,2.0,1.0,0.0,3.0,1.0,0.0,2.0,1.0,2.0,0.0,3.0,0.0,0.0,3.0,0.0,0.0,0.0,10.0,3.0,0.0,5.0,3.0,0.0,1.0,5.0
85128,,5.0,0.0,0.0,0.0,4.0,6.0,5.0,0.0,4.0,9.0,0.0,10.0,1.0,8.0,1.0,14.0,2.0,3.0,23.0,0.0,0.0,0.0,29.0,10.0,17.0,32.0,13.0,5.0,4.0,19.0
85131,,2.0,7.0,11.0,0.0,5.0,1.0,1.0,-1.0,18.0,4.0,0.0,6.0,2.0,3.0,5.0,5.0,0.0,2.0,15.0,0.0,0.0,0.0,10.0,4.0,7.0,8.0,15.0,13.0,6.0,4.0
85132,,9.0,3.0,-1.0,0.0,3.0,10.0,7.0,1.0,10.0,5.0,0.0,3.0,4.0,-1.0,-1.0,18.0,4.0,1.0,11.0,0.0,4.0,0.0,77.0,50.0,58.0,170.0,-49.0,18.0,11.0,10.0
85135,,0.0,0.0,0.0,0.0,0.0,0.0,0.0,0.0,0.0,0.0,0.0,0.0,0.0,0.0,0.0,0.0,0.0,0.0,0.0,0.0,0.0,0.0,5.0,0.0,0.0,0.0,1.0,0.0,0.0,0.0
85137,,0.0,0.0,0.0,0.0,0.0,0.0,1.0,0.0,0.0,0.0,0.0,0.0,0.0,0.0,0.0,0.0,0.0,0.0,1.0,0.0,0.0,0.0,1.0,0.0,0.0,0.0,1.0,1.0,4.0,0.0
85138,,6.0,7.0,0.0,0.0,31.0,14.0,10.0,1.0,20.0,6.0,0.0,28.0,10.0,16.0,2.0,28.0,2.0,3.0,22.0,0.0,4.0,0.0,45.0,15.0,29.0,54.0,30.0,37.0,30.0,20.0
85139,,2.0,2.0,1.0,0.0,8.0,5.0,4.0,1.0,5.0,4.0,0.0,6.0,2.0,5.0,1.0,9.0,1.0,6.0,4.0,0.0,1.0,0.0,12.0,9.0,3.0,23.0,5.0,7.0,12.0,6.0
85140,,2.0,6.0,2.0,0.0,12.0,18.0,17.0,2.0,18.0,16.0,0.0,21.0,9.0,26.0,2.0,24.0,8.0,9.0,51.0,0.0,3.0,0.0,48.0,18.0,17.0,14.0,23.0,23.0,16.0,27.0
85141,,0.0,0.0,0.0,0.0,0.0,0.0,0.0,0.0,0.0,0.0,0.0,0.0,0.0,0.0,0.0,0.0,0.0,0.0,1.0,0.0,0.0,0.0,0.0,0.0,2.0,1.0,2.0,1.0,0.0,0.0
85142,,10.0,12.0,1.0,0.0,35.0,6.0,22.0,5.0,36.0,11.0,0.0,40.0,17.0,41.0,3.0,60.0,20.0,13.0,54.0,0.0,16.0,0.0,149.0,35.0,36.0,55.0,55.0,54.0,20.0,35.0
85143,,1.0,7.0,-1.0,0.0,20.0,4.0,14.0,0.0,11.0,3.0,0.0,12.0,1.0,11.0,2.0,20.0,5.0,3.0,36.0,0.0,1.0,0.0,46.0,13.0,16.0,15.0,27.0,24.0,13.0,13.0
85145,,0.0,0.0,0.0,0.0,0.0,0.0,0.0,0.0,0.0,0.0,0.0,1.0,-1.0,0.0,0.0,2.0,0.0,0.0,2.0,0.0,0.0,0.0,7.0,0.0,3.0,1.0,0.0,0.0,0.0,5.0
85147,,0.0,0.0,0.0,0.0,0.0,0.0,0.0,0.0,0.0,0.0,0.0,0.0,0.0,0.0,0.0,0.0,0.0,0.0,0.0,0.0,0.0,0.0,0.0,0.0,0.0,0.0,0.0,0.0,0.0,0.0
85147,,0.0,0.0,0.0,0.0,0.0,0.0,0.0,0.0,0.0,0.0,0.0,0.0,0.0,0.0,0.0,0.0,0.0,0.0,0.0,0.0,0.0,0.0,0.0,0.0,0.0,0.0,0.0,0.0,0.0,0.0
85172,,2.0,0.0,0.0,0.0,0.0,1.0,0.0,0.0,2.0,2.0,0.0,1.0,0.0,2.0,0.0,1.0,0.0,1.0,0.0,0.0,0.0,0.0,2.0,0.0,1.0,0.0,0.0,0.0,0.0,0.0
85173,,0.0,1.0,0.0,0.0,1.0,0.0,1.0,0.0,2.0,0.0,0.0,2.0,0.0,0.0,0.0,2.0,0.0,0.0,0.0,0.0,0.0,0.0,1.0,1.0,0.0,1.0,3.0,0.0,2.0,1.0
85190,,0.0,0.0,0.0,0.0,0.0,0.0,0.0,0.0,0.0,0.0,0.0,0.0,0.0,0.0,0.0,0.0,0.0,0.0,0.0,0.0,0.0,0.0,0.0,0.0,0.0,0.0,0.0,0.0,0.0,0.0
85191,,0.0,0.0,0.0,0.0,0.0,0.0,0.0,0.0,0.0,0.0,0.0,0.0,0.0,0.0,0.0,0.0,0.0,0.0,0.0,0.0,0.0,0.0,0.0,0.0,0.0,0.0,0.0,0.0,0.0,0.0
85192,,0.0,0.0,0.0,0.0,0.0,1.0,0.0,0.0,0.0,0.0,0.0,0.0,0.0,0.0,0.0,0.0,0.0,0.0,0.0,0.0,0.0,0.0,1.0,0.0,3.0,0.0,2.0,1.0,0.0,2.0
85193,,1.0,1.0,0.0,0.0,5.0,0.0,0.0,0.0,5.0,0.0,0.0,0.0,1.0,10.0,0.0,4.0,0.0,0.0,1.0,0.0,0.0,0.0,3.0,1.0,0.0,1.0,4.0,1.0,2.0,3.0
85194,,0.0,0.0,0.0,0.0,1.0,3.0,0.0,0.0,2.0,1.0,0.0,3.0,1.0,2.0,-1.0,3.0,0.0,1.0,4.0,0.0,1.0,0.0,18.0,6.0,0.0,3.0,8.0,2.0,6.0,8.0
85201,,6.0,12.0,14.0,0.0,8.0,8.0,18.0,8.0,7.0,8.0,0.0,13.0,6.0,10.0,15.0,24.0,17.0,2.0,49.0,0.0,3.0,0.0,77.0,20.0,25.0,28.0,23.0,30.0,25.0,25.0
85202,,8.0,7.0,12.0,0.0,17.0,9.0,18.0,1.0,24.0,13.0,0.0,19.0,9.0,20.0,13.0,12.0,21.0,2.0,84.0,0.0,5.0,0.0,87.0,30.0,30.0,58.0,60.0,25.0,38.0,48.0
85203,,4.0,6.0,10.0,0.0,12.0,4.0,11.0,8.0,6.0,4.0,0.0,17.0,4.0,25.0,14.0,11.0,16.0,2.0,27.0,0.0,8.0,0.0,84.0,25.0,38.0,41.0,25.0,27.0,23.0,12.0
85204,,10.0,12.0,17.0,0.0,29.0,6.0,8.0,21.0,16.0,5.0,0.0,13.0,9.0,21.0,16.0,34.0,14.0,1.0,66.0,0.0,9.0,0.0,126.0,45.0,31.0,54.0,40.0,43.0,58.0,36.0
85205,,7.0,9.0,8.0,0.0,12.0,3.0,1.0,8.0,5.0,15.0,0.0,18.0,6.0,19.0,16.0,15.0,9.0,1.0,28.0,0.0,6.0,0.0,59.0,15.0,19.0,28.0,18.0,28.0,25.0,12.0
85206,,11.0,5.0,10.0,0.0,46.0,-4.0,9.0,25.0,4.0,10.0,0.0,5.0,15.0,18.0,9.0,23.0,8.0,2.0,32.0,0.0,5.0,0.0,96.0,41.0,20.0,42.0,34.0,29.0,35.0,20.0
85207,,1.0,7.0,6.0,0.0,29.0,8.0,11.0,9.0,12.0,10.0,0.0,9.0,2.0,12.0,27.0,8.0,16.0,-1.0,38.0,0.0,9.0,0.0,66.0,15.0,24.0,31.0,28.0,32.0,36.0,18.0
85208,,3.0,6.0,12.0,0.0,12.0,1.0,10.0,9.0,12.0,6.0,0.0,6.0,4.0,11.0,7.0,19.0,10.0,1.0,22.0,0.0,5.0,0.0,42.0,13.0,17.0,16.0,11.0,18.0,17.0,10.0
85209,,5.0,5.0,4.0,0.0,10.0,2.0,13.0,8.0,5.0,16.0,0.0,16.0,7.0,17.0,19.0,12.0,9.0,0.0,28.0,0.0,9.0,0.0,60.0,19.0,27.0,17.0,13.0,14.0,17.0,14.0
85210,,11.0,5.0,9.0,0.0,7.0,12.0,5.0,12.0,7.0,13.0,0.0,16.0,0.0,18.0,11.0,14.0,11.0,1.0,30.0,0.0,7.0,0.0,49.0,27.0,12.0,22.0,22.0,27.0,20.0,23.0
85212,,4.0,2.0,8.0,0.0,12.0,5.0,4.0,5.0,10.0,9.0,0.0,15.0,5.0,27.0,13.0,16.0,9.0,2.0,36.0,0.0,5.0,0.0,69.0,11.0,32.0,26.0,35.0,19.0,22.0,13.0
85213,,14.0,6.0,0.0,0.0,6.0,5.0,7.0,16.0,4.0,11.0,0.0,11.0,3.0,12.0,15.0,16.0,10.0,1.0,29.0,0.0,15.0,0.0,47.0,11.0,21.0,25.0,19.0,17.0,22.0,18.0
85215,,5.0,2.0,3.0,0.0,5.0,2.0,1.0,4.0,5.0,4.0,0.0,6.0,1.0,4.0,4.0,4.0,11.0,2.0,9.0,0.0,4.0,0.0,19.0,5.0,8.0,7.0,7.0,10.0,10.0,8.0
85224,,5.0,6.0,7.0,0.0,9.0,2.0,7.0,7.0,15.0,16.0,0.0,15.0,8.0,26.0,23.0,14.0,7.0,2.0,30.0,0.0,9.0,0.0,75.0,11.0,20.0,35.0,37.0,17.0,15.0,21.0
85225,,6.0,9.0,23.0,0.0,23.0,12.0,11.0,13.0,19.0,36.0,0.0,38.0,9.0,27.0,30.0,24.0,28.0,1.0,83.0,0.0,19.0,0.0,122.0,32.0,45.0,45.0,51.0,38.0,54.0,42.0
85226,,8.0,1.0,5.0,0.0,7.0,1.0,1.0,7.0,11.0,8.0,0.0,15.0,2.0,4.0,7.0,9.0,12.0,0.0,20.0,0.0,4.0,0.0,48.0,13.0,22.0,25.0,17.0,12.0,13.0,11.0
85233,,2.0,2.0,6.0,0.0,12.0,2.0,10.0,4.0,3.0,12.0,0.0,10.0,1.0,18.0,7.0,11.0,6.0,1.0,31.0,0.0,5.0,0.0,64.0,18.0,21.0,26.0,30.0,23.0,37.0,19.0
85234,,8.0,4.0,23.0,0.0,14.0,5.0,6.0,20.0,22.0,17.0,0.0,15.0,9.0,11.0,16.0,18.0,7.0,3.0,48.0,0.0,10.0,0.0,66.0,20.0,21.0,29.0,38.0,19.0,25.0,25.0
85248,,6.0,0.0,3.0,0.0,5.0,1.0,5.0,3.0,5.0,-1.0,0.0,13.0,-2.0,5.0,4.0,6.0,7.0,0.0,29.0,0.0,8.0,0.0,37.0,9.0,19.0,16.0,20.0,14.0,14.0,11.0
85249,,9.0,1.0,15.0,0.0,13.0,7.0,3.0,13.0,7.0,9.0,0.0,13.0,5.0,12.0,13.0,18.0,15.0,1.0,23.0,0.0,13.0,0.0,62.0,18.0,20.0,13.0,24.0,21.0,37.0,17.0
85250,,4.0,0.0,6.0,0.0,2.0,1.0,5.0,4.0,5.0,2.0,0.0,4.0,1.0,0.0,4.0,6.0,1.0,2.0,11.0,0.0,2.0,0.0,17.0,6.0,7.0,8.0,7.0,4.0,4.0,6.0
85251,,6.0,-2.0,15.0,0.0,8.0,4.0,14.0,5.0,21.0,12.0,0.0,31.0,3.0,12.0,35.0,28.0,17.0,8.0,31.0,0.0,14.0,0.0,96.0,24.0,18.0,24.0,21.0,20.0,10.0,10.0
85253,,0.0,4.0,4.0,0.0,3.0,9.0,2.0,4.0,7.0,3.0,0.0,1.0,1.0,3.0,7.0,1.0,3.0,0.0,6.0,0.0,3.0,0.0,27.0,3.0,6.0,9.0,7.0,3.0,6.0,6.0
85254,,2.0,4.0,12.0,0.0,8.0,4.0,8.0,4.0,14.0,11.0,0.0,12.0,9.0,16.0,14.0,19.0,7.0,0.0,25.0,0.0,11.0,0.0,55.0,12.0,20.0,21.0,20.0,24.0,15.0,17.0
85255,,5.0,1.0,9.0,0.0,16.0,0.0,11.0,6.0,7.0,12.0,0.0,20.0,1.0,5.0,2.0,19.0,8.0,2.0,22.0,0.0,3.0,0.0,52.0,9.0,13.0,53.0,21.0,35.0,32.0,6.0
85256,,8.0,4.0,-1.0,0.0,2.0,1.0,0.0,1.0,3.0,0.0,0.0,3.0,1.0,3.0,1.0,6.0,0.0,0.0,5.0,0.0,3.0,0.0,1.0,1.0,9.0,3.0,4.0,2.0,7.0,1.0
85257,,1.0,7.0,6.0,0.0,11.0,-2.0,8.0,9.0,16.0,4.0,0.0,6.0,3.0,6.0,12.0,7.0,9.0,0.0,24.0,0.0,6.0,0.0,84.0,13.0,11.0,28.0,17.0,22.0,16.0,13.0
85258,,4.0,2.0,8.0,0.0,8.0,-1.0,6.0,8.0,11.0,-3.0,0.0,13.0,-1.0,7.0,9.0,6.0,8.0,6.0,30.0,0.0,-1.0,0.0,33.0,4.0,14.0,13.0,13.0,6.0,5.0,8.0
85259,,3.0,-1.0,3.0,0.0,3.0,2.0,4.0,3.0,6.0,6.0,0.0,7.0,1.0,2.0,3.0,4.0,4.0,1.0,8.0,0.0,-1.0,0.0,23.0,4.0,12.0,9.0,8.0,11.0,9.0,7.0
85260,,6.0,4.0,6.0,0.0,6.0,5.0,5.0,5.0,14.0,12.0,0.0,11.0,4.0,12.0,7.0,16.0,11.0,1.0,21.0,0.0,13.0,0.0,53.0,14.0,16.0,25.0,34.0,10.0,14.0,7.0
85262,,0.0,0.0,2.0,0.0,0.0,1.0,1.0,2.0,1.0,3.0,0.0,2.0,0.0,2.0,4.0,4.0,3.0,0.0,3.0,0.0,4.0,0.0,14.0,1.0,1.0,19.0,7.0,1.0,6.0,5.0
85263,,0.0,0.0,0.0,0.0,0.0,0.0,0.0,0.0,0.0,0.0,0.0,0.0,0.0,1.0,2.0,2.0,2.0,0.0,2.0,0.0,1.0,0.0,0.0,2.0,1.0,1.0,0.0,4.0,1.0,1.0
85264,,1.0,0.0,0.0,0.0,0.0,0.0,-1.0,0.0,0.0,2.0,0.0,0.0,0.0,0.0,1.0,1.0,0.0,0.0,0.0,0.0,0.0,0.0,0.0,0.0,0.0,0.0,0.0,0.0,0.0,0.0
85266,,1.0,0.0,0.0,0.0,2.0,0.0,1.0,0.0,1.0,1.0,0.0,2.0,1.0,1.0,2.0,3.0,1.0,0.0,5.0,0.0,2.0,0.0,10.0,4.0,4.0,11.0,8.0,5.0,5.0,3.0
85268,,0.0,2.0,1.0,0.0,0.0,0.0,2.0,6.0,6.0,3.0,0.0,6.0,0.0,6.0,9.0,2.0,2.0,0.0,3.0,0.0,2.0,0.0,22.0,4.0,4.0,9.0,11.0,5.0,9.0,4.0
85281,,14.0,2.0,9.0,0.0,8.0,4.0,16.0,7.0,10.0,24.0,0.0,16.0,-1.0,55.0,46.0,10.0,29.0,27.0,73.0,0.0,12.0,0.0,165.0,19.0,37.0,40.0,62.0,45.0,19.0,23.0
85282,,8.0,4.0,13.0,0.0,15.0,2.0,13.0,7.0,14.0,17.0,0.0,20.0,5.0,24.0,22.0,14.0,14.0,3.0,29.0,0.0,5.0,0.0,116.0,14.0,27.0,33.0,33.0,22.0,31.0,21.0
85283,,7.0,3.0,2.0,0.0,10.0,4.0,12.0,5.0,9.0,7.0,0.0,11.0,3.0,13.0,9.0,6.0,8.0,2.0,28.0,0.0,4.0,0.0,42.0,12.0,20.0,32.0,25.0,16.0,21.0,14.0
85284,,2.0,1.0,2.0,0.0,4.0,2.0,0.0,5.0,3.0,2.0,0.0,5.0,2.0,5.0,11.0,7.0,2.0,1.0,7.0,0.0,1.0,0.0,15.0,4.0,7.0,15.0,6.0,4.0,13.0,9.0
85286,,5.0,10.0,19.0,0.0,10.0,8.0,10.0,10.0,12.0,8.0,0.0,8.0,13.0,9.0,12.0,8.0,11.0,1.0,34.0,0.0,5.0,0.0,51.0,23.0,24.0,35.0,25.0,33.0,25.0,19.0
85287,,0.0,0.0,0.0,0.0,0.0,0.0,1.0,0.0,0.0,0.0,0.0,0.0,0.0,0.0,0.0,2.0,1.0,1.0,0.0,0.0,2.0,0.0,-1.0,1.0,0.0,-2.0,0.0,0.0,0.0,0.0
85295,,9.0,5.0,12.0,0.0,16.0,10.0,7.0,11.0,18.0,13.0,0.0,17.0,9.0,21.0,25.0,15.0,22.0,2.0,45.0,0.0,18.0,0.0,82.0,32.0,30.0,59.0,42.0,27.0,34.0,28.0
85296,,13.0,4.0,18.0,0.0,24.0,4.0,8.0,13.0,10.0,11.0,0.0,17.0,6.0,16.0,19.0,18.0,24.0,1.0,64.0,0.0,9.0,0.0,68.0,27.0,20.0,18.0,39.0,32.0,35.0,21.0
85297,,8.0,1.0,9.0,0.0,13.0,3.0,0.0,6.0,10.0,13.0,0.0,20.0,6.0,28.0,22.0,20.0,12.0,1.0,31.0,0.0,8.0,0.0,54.0,13.0,16.0,21.0,29.0,14.0,32.0,18.0
85298,,3.0,4.0,6.0,0.0,10.0,5.0,7.0,11.0,11.0,7.0,0.0,12.0,9.0,19.0,17.0,22.0,11.0,1.0,35.0,0.0,12.0,0.0,63.0,10.0,21.0,33.0,17.0,33.0,21.0,9.0
85301,,15.0,11.0,19.0,0.0,21.0,4.0,2.0,16.0,26.0,13.0,0.0,14.0,15.0,20.0,14.0,22.0,16.0,1.0,30.0,0.0,7.0,0.0,85.0,14.0,33.0,34.0,35.0,24.0,31.0,9.0
85302,,6.0,5.0,12.0,0.0,4.0,-2.0,4.0,6.0,9.0,10.0,0.0,6.0,0.0,6.0,11.0,9.0,14.0,3.0,19.0,0.0,4.0,0.0,55.0,13.0,14.0,17.0,14.0,10.0,16.0,10.0
85303,,4.0,1.0,11.0,0.0,15.0,8.0,7.0,6.0,13.0,12.0,0.0,10.0,7.0,11.0,10.0,10.0,12.0,2.0,34.0,0.0,10.0,0.0,41.0,16.0,10.0,27.0,19.0,18.0,29.0,21.0
85304,,2.0,7.0,5.0,0.0,4.0,2.0,2.0,15.0,0.0,7.0,0.0,4.0,5.0,4.0,10.0,8.0,6.0,0.0,4.0,0.0,2.0,0.0,32.0,7.0,8.0,13.0,13.0,32.0,13.0,8.0
85305,,3.0,3.0,5.0,0.0,3.0,1.0,3.0,5.0,5.0,3.0,0.0,8.0,-1.0,0.0,8.0,3.0,10.0,1.0,10.0,0.0,1.0,0.0,14.0,4.0,8.0,10.0,11.0,8.0,3.0,6.0
85306,,0.0,0.0,3.0,0.0,5.0,2.0,6.0,3.0,6.0,2.0,0.0,9.0,3.0,6.0,3.0,2.0,6.0,1.0,3.0,0.0,2.0,0.0,38.0,15.0,9.0,17.0,11.0,7.0,14.0,4.0
85307,,4.0,0.0,4.0,0.0,-1.0,2.0,2.0,2.0,1.0,4.0,0.0,0.0,3.0,6.0,1.0,2.0,2.0,0.0,4.0,0.0,2.0,0.0,21.0,1.0,4.0,4.0,9.0,2.0,12.0,5.0
85308,,11.0,7.0,12.0,0.0,27.0,8.0,8.0,11.0,11.0,22.0,0.0,25.0,4.0,22.0,14.0,14.0,17.0,2.0,36.0,0.0,6.0,0.0,82.0,14.0,21.0,37.0,31.0,36.0,38.0,12.0
85309,,0.0,5.0,0.0,0.0,0.0,1.0,0.0,3.0,0.0,0.0,0.0,-1.0,1.0,-1.0,5.0,3.0,1.0,0.0,15.0,0.0,0.0,0.0,16.0,0.0,2.0,14.0,13.0,14.0,0.0,0.0
85310,,6.0,0.0,4.0,0.0,5.0,1.0,-1.0,4.0,7.0,5.0,0.0,5.0,-1.0,6.0,7.0,4.0,4.0,0.0,17.0,0.0,4.0,0.0,21.0,9.0,3.0,10.0,6.0,12.0,12.0,7.0
85320,,0.0,0.0,0.0,0.0,0.0,0.0,1.0,1.0,-1.0,0.0,0.0,0.0,0.0,0.0,0.0,0.0,0.0,0.0,1.0,0.0,0.0,0.0,1.0,0.0,0.0,0.0,0.0,0.0,0.0,0.0
85321,,0.0,0.0,1.0,0.0,1.0,8.0,-1.0,0.0,1.0,0.0,0.0,2.0,2.0,1.0,2.0,3.0,0.0,0.0,0.0,0.0,0.0,0.0,8.0,3.0,0.0,2.0,0.0,2.0,2.0,2.0
85322,,0.0,0.0,0.0,0.0,0.0,0.0,0.0,0.0,0.0,0.0,0.0,0.0,0.0,0.0,0.0,0.0,0.0,0.0,0.0,0.0,0.0,0.0,0.0,0.0,0.0,0.0,0.0,0.0,0.0,1.0
85323,,11.0,5.0,23.0,0.0,31.0,7.0,0.0,13.0,11.0,9.0,0.0,11.0,3.0,19.0,6.0,14.0,17.0,0.0,33.0,0.0,11.0,0.0,53.0,11.0,16.0,20.0,34.0,16.0,26.0,18.0
85324,,0.0,1.0,0.0,0.0,0.0,0.0,0.0,0.0,0.0,0.0,0.0,1.0,0.0,0.0,0.0,2.0,-1.0,0.0,1.0,0.0,0.0,0.0,2.0,0.0,0.0,1.0,0.0,0.0,0.0,0.0
85325,,0.0,0.0,0.0,0.0,0.0,0.0,0.0,0.0,0.0,0.0,0.0,0.0,0.0,0.0,0.0,0.0,0.0,0.0,0.0,0.0,0.0,0.0,0.0,0.0,0.0,0.0,0.0,0.0,0.0,0.0
85326,,1.0,5.0,11.0,0.0,16.0,1.0,12.0,22.0,12.0,10.0,0.0,11.0,2.0,36.0,12.0,33.0,17.0,2.0,36.0,0.0,11.0,0.0,74.0,19.0,21.0,36.0,28.0,31.0,38.0,23.0
85328,,0.0,0.0,0.0,0.0,0.0,0.0,0.0,0.0,0.0,0.0,0.0,0.0,0.0,0.0,0.0,0.0,0.0,0.0,0.0,0.0,0.0,0.0,0.0,0.0,1.0,1.0,0.0,0.0,0.0,0.0
85329,,0.0,0.0,-1.0,0.0,0.0,0.0,0.0,0.0,0.0,0.0,0.0,1.0,0.0,1.0,0.0,0.0,0.0,0.0,1.0,0.0,0.0,0.0,1.0,0.0,1.0,2.0,0.0,0.0,0.0,0.0
85331,,3.0,0.0,3.0,0.0,3.0,3.0,4.0,3.0,7.0,5.0,0.0,15.0,0.0,6.0,8.0,4.0,7.0,0.0,20.0,0.0,3.0,0.0,51.0,8.0,5.0,19.0,13.0,10.0,5.0,2.0
85332,,0.0,0.0,0.0,0.0,0.0,0.0,0.0,0.0,2.0,0.0,0.0,-1.0,0.0,0.0,0.0,1.0,0.0,0.0,0.0,0.0,0.0,0.0,0.0,0.0,0.0,0.0,1.0,0.0,0.0,0.0
85333,,0.0,0.0,0.0,0.0,0.0,0.0,0.0,0.0,0.0,0.0,0.0,0.0,0.0,0.0,0.0,0.0,0.0,0.0,0.0,0.0,0.0,0.0,0.0,0.0,0.0,0.0,1.0,2.0,3.0,1.0
85334,,0.0,0.0,0.0,0.0,0.0,0.0,0.0,0.0,0.0,0.0,0.0,0.0,0.0,0.0,0.0,0.0,1.0,0.0,0.0,0.0,0.0,0.0,-1.0,0.0,0.0,1.0,1.0,0.0,0.0,0.0
85335,,-1.0,5.0,12.0,0.0,9.0,6.0,10.0,8.0,4.0,3.0,0.0,5.0,7.0,5.0,7.0,6.0,7.0,3.0,15.0,0.0,5.0,0.0,34.0,5.0,15.0,10.0,8.0,11.0,18.0,2.0
85336,,16.0,13.0,6.0,0.0,1.0,0.0,1.0,1.0,1.0,2.0,0.0,2.0,-2.0,15.0,-2.0,2.0,5.0,0.0,10.0,0.0,6.0,0.0,11.0,1.0,2.0,5.0,7.0,6.0,12.0,2.0
85337,,0.0,0.0,1.0,0.0,3.0,0.0,0.0,1.0,0.0,0.0,0.0,0.0,-2.0,0.0,0.0,1.0,0.0,0.0,3.0,0.0,0.0,0.0,2.0,0.0,0.0,0.0,0.0,0.0,0.0,0.0
85338,,8.0,6.0,17.0,0.0,18.0,6.0,25.0,11.0,5.0,12.0,0.0,26.0,5.0,26.0,11.0,12.0,23.0,2.0,47.0,0.0,9.0,0.0,82.0,18.0,19.0,40.0,24.0,31.0,27.0,17.0
85339,,5.0,6.0,12.0,0.0,21.0,6.0,17.0,15.0,10.0,5.0,0.0,21.0,2.0,13.0,13.0,21.0,10.0,2.0,42.0,0.0,4.0,0.0,68.0,22.0,29.0,19.0,22.0,16.0,25.0,13.0
85340,,7.0,1.0,5.0,0.0,7.0,6.0,6.0,8.0,5.0,11.0,0.0,10.0,2.0,16.0,3.0,7.0,9.0,0.0,18.0,0.0,6.0,0.0,43.0,14.0,10.0,22.0,15.0,9.0,11.0,12.0
85341,,0.0,0.0,0.0,0.0,0.0,0.0,0.0,0.0,0.0,0.0,0.0,0.0,0.0,0.0,0.0,0.0,0.0,0.0,0.0,0.0,0.0,0.0,0.0,0.0,0.0,0.0,0.0,0.0,0.0,0.0
85342,,-2.0,0.0,1.0,0.0,1.0,1.0,0.0,1.0,0.0,0.0,0.0,0.0,0.0,0.0,0.0,1.0,1.0,1.0,1.0,0.0,2.0,0.0,1.0,0.0,-1.0,1.0,1.0,1.0,0.0,0.0
85343,,0.0,0.0,0.0,0.0,0.0,0.0,0.0,0.0,0.0,0.0,0.0,0.0,0.0,0.0,0.0,0.0,0.0,0.0,0.0,0.0,0.0,0.0,0.0,0.0,0.0,0.0,0.0,0.0,0.0,0.0
85344,,0.0,0.0,2.0,0.0,2.0,2.0,1.0,4.0,3.0,0.0,0.0,0.0,2.0,2.0,0.0,3.0,3.0,0.0,12.0,0.0,0.0,0.0,5.0,2.0,8.0,10.0,15.0,7.0,2.0,0.0
85344,,0.0,0.0,0.0,0.0,0.0,0.0,0.0,0.0,0.0,0.0,0.0,0.0,0.0,0.0,0.0,0.0,0.0,0.0,0.0,0.0,0.0,0.0,0.0,0.0,0.0,0.0,0.0,0.0,0.0,0.0
85345,,4.0,0.0,9.0,0.0,7.0,4.0,7.0,14.0,14.0,25.0,0.0,19.0,2.0,11.0,12.0,15.0,10.0,3.0,30.0,0.0,7.0,0.0,103.0,21.0,35.0,41.0,31.0,22.0,48.0,15.0
85346,,0.0,0.0,0.0,0.0,0.0,1.0,0.0,0.0,0.0,0.0,0.0,1.0,0.0,0.0,0.0,0.0,0.0,0.0,0.0,0.0,0.0,0.0,2.0,0.0,0.0,0.0,0.0,0.0,0.0,0.0
85347,,0.0,0.0,0.0,0.0,0.0,0.0,0.0,0.0,0.0,0.0,0.0,0.0,0.0,0.0,0.0,0.0,1.0,0.0,0.0,0.0,0.0,0.0,0.0,0.0,0.0,0.0,0.0,0.0,0.0,0.0
85348,,0.0,0.0,0.0,0.0,0.0,0.0,0.0,0.0,0.0,0.0,0.0,1.0,0.0,0.0,1.0,0.0,0.0,1.0,2.0,0.0,0.0,0.0,2.0,0.0,3.0,3.0,0.0,1.0,0.0,0.0
85349,,5.0,3.0,9.0,0.0,0.0,0.0,4.0,-3.0,4.0,5.0,0.0,-1.0,0.0,6.0,5.0,-1.0,4.0,0.0,26.0,0.0,5.0,0.0,22.0,2.0,7.0,-1.0,7.0,6.0,17.0,6.0
85350,,26.0,11.0,34.0,0.0,24.0,4.0,17.0,11.0,39.0,26.0,0.0,45.0,3.0,28.0,12.0,46.0,42.0,3.0,99.0,0.0,41.0,0.0,169.0,31.0,50.0,-6.0,75.0,94.0,114.0,20.0
85351,,4.0,1.0,3.0,0.0,9.0,0.0,0.0,3.0,2.0,1.0,0.0,11.0,3.0,1.0,1.0,5.0,4.0,2.0,6.0,0.0,4.0,0.0,27.0,14.0,11.0,8.0,13.0,12.0,13.0,5.0
85352,,0.0,0.0,0.0,0.0,0.0,0.0,0.0,0.0,-1.0,0.0,0.0,0.0,0.0,0.0,0.0,0.0,0.0,0.0,0.0,0.0,0.0,0.0,0.0,0.0,0.0,0.0,2.0,0.0,0.0,0.0
85353,,14.0,11.0,13.0,0.0,21.0,11.0,24.0,27.0,19.0,15.0,0.0,18.0,5.0,31.0,16.0,29.0,25.0,0.0,79.0,0.0,14.0,0.0,97.0,31.0,24.0,38.0,45.0,31.0,25.0,24.0
85354,,0.0,-1.0,3.0,0.0,0.0,0.0,0.0,0.0,2.0,1.0,0.0,1.0,0.0,2.0,0.0,3.0,0.0,1.0,1.0,0.0,0.0,0.0,2.0,2.0,2.0,3.0,0.0,3.0,4.0,2.0
85355,,2.0,4.0,5.0,0.0,2.0,1.0,1.0,2.0,3.0,4.0,0.0,4.0,-1.0,3.0,1.0,2.0,2.0,0.0,4.0,0.0,4.0,0.0,13.0,2.0,7.0,14.0,7.0,3.0,4.0,0.0
85356,,0.0,2.0,0.0,0.0,3.0,0.0,0.0,2.0,2.0,0.0,0.0,0.0,1.0,2.0,0.0,3.0,2.0,0.0,1.0,0.0,2.0,0.0,11.0,2.0,0.0,0.0,2.0,1.0,6.0,1.0
85357,,0.0,0.0,0.0,0.0,0.0,0.0,0.0,0.0,0.0,0.0,0.0,0.0,0.0,0.0,0.0,0.0,0.0,0.0,0.0,0.0,0.0,0.0,0.0,0.0,0.0,0.0,0.0,0.0,0.0,0.0
85360,,0.0,0.0,0.0,0.0,0.0,0.0,0.0,0.0,0.0,0.0,0.0,0.0,0.0,0.0,0.0,0.0,0.0,0.0,0.0,0.0,0.0,0.0,0.0,0.0,0.0,0.0,0.0,0.0,0.0,0.0
85361,,0.0,2.0,2.0,0.0,1.0,0.0,1.0,2.0,0.0,0.0,0.0,1.0,1.0,-1.0,4.0,2.0,3.0,0.0,1.0,0.0,0.0,0.0,4.0,1.0,3.0,6.0,1.0,7.0,1.0,0.0
85362,,0.0,0.0,0.0,0.0,0.0,0.0,0.0,0.0,0.0,0.0,0.0,0.0,0.0,0.0,0.0,0.0,0.0,0.0,0.0,0.0,0.0,0.0,0.0,0.0,0.0,0.0,0.0,0.0,0.0,0.0
85363,,0.0,0.0,3.0,0.0,0.0,0.0,0.0,-2.0,0.0,0.0,0.0,-1.0,0.0,0.0,3.0,3.0,4.0,0.0,8.0,0.0,1.0,0.0,15.0,3.0,2.0,1.0,2.0,6.0,6.0,2.0
85364,,22.0,20.0,23.0,0.0,37.0,9.0,11.0,19.0,48.0,20.0,0.0,21.0,18.0,24.0,25.0,31.0,44.0,13.0,103.0,0.0,22.0,0.0,230.0,52.0,60.0,18.0,70.0,89.0,130.0,55.0
85365,,10.0,8.0,8.0,0.0,14.0,5.0,10.0,26.0,35.0,9.0,0.0,7.0,7.0,32.0,7.0,15.0,34.0,5.0,53.0,0.0,15.0,0.0,123.0,28.0,25.0,5.0,42.0,53.0,78.0,30.0
85367,,2.0,2.0,2.0,0.0,3.0,2.0,0.0,3.0,7.0,1.0,0.0,3.0,3.0,13.0,0.0,5.0,1.0,3.0,16.0,0.0,2.0,0.0,21.0,5.0,2.0,2.0,21.0,13.0,31.0,11.0
85373,,6.0,3.0,3.0,0.0,2.0,0.0,6.0,0.0,3.0,3.0,0.0,10.0,0.0,4.0,4.0,6.0,5.0,2.0,11.0,0.0,1.0,0.0,23.0,3.0,6.0,12.0,8.0,8.0,11.0,1.0
85374,,14.0,2.0,4.0,0.0,4.0,6.0,3.0,11.0,6.0,4.0,0.0,5.0,2.0,4.0,2.0,9.0,4.0,0.0,19.0,0.0,2.0,0.0,35.0,8.0,11.0,17.0,25.0,7.0,17.0,4.0
85375,,3.0,0.0,4.0,0.0,5.0,2.0,1.0,3.0,0.0,3.0,0.0,2.0,4.0,6.0,6.0,2.0,1.0,-1.0,-1.0,0.0,3.0,0.0,8.0,5.0,14.0,30.0,3.0,5.0,8.0,0.0
85377,,-2.0,0.0,1.0,0.0,-1.0,0.0,0.0,1.0,1.0,1.0,0.0,2.0,0.0,1.0,1.0,0.0,0.0,0.0,1.0,0.0,1.0,0.0,5.0,2.0,1.0,0.0,2.0,1.0,3.0,0.0
85378,,0.0,2.0,2.0,0.0,1.0,3.0,2.0,1.0,2.0,3.0,0.0,3.0,2.0,4.0,3.0,5.0,2.0,0.0,0.0,0.0,0.0,0.0,12.0,3.0,4.0,4.0,4.0,3.0,2.0,0.0
85379,,1.0,3.0,15.0,0.0,11.0,4.0,5.0,13.0,1.0,12.0,0.0,20.0,10.0,18.0,11.0,11.0,7.0,1.0,11.0,0.0,10.0,0.0,59.0,15.0,16.0,20.0,18.0,14.0,25.0,10.0
85381,,7.0,0.0,5.0,0.0,6.0,3.0,0.0,6.0,5.0,1.0,0.0,15.0,4.0,5.0,5.0,9.0,4.0,1.0,13.0,0.0,7.0,0.0,32.0,11.0,14.0,12.0,9.0,7.0,15.0,7.0
85382,,2.0,4.0,11.0,0.0,8.0,2.0,10.0,3.0,5.0,7.0,0.0,6.0,5.0,7.0,9.0,9.0,5.0,4.0,19.0,0.0,6.0,0.0,55.0,10.0,25.0,19.0,19.0,13.0,19.0,10.0
85383,,13.0,9.0,8.0,0.0,12.0,11.0,10.0,10.0,15.0,12.0,0.0,20.0,12.0,11.0,15.0,15.0,16.0,3.0,26.0,0.0,5.0,0.0,84.0,20.0,26.0,71.0,38.0,32.0,31.0,11.0
85387,,4.0,1.0,1.0,0.0,1.0,2.0,-1.0,3.0,0.0,1.0,0.0,4.0,4.0,12.0,3.0,10.0,2.0,1.0,17.0,0.0,0.0,0.0,19.0,3.0,8.0,13.0,3.0,5.0,9.0,3.0
85388,,4.0,5.0,7.0,0.0,10.0,-3.0,12.0,9.0,6.0,3.0,0.0,4.0,4.0,17.0,5.0,5.0,6.0,1.0,10.0,0.0,3.0,0.0,29.0,5.0,4.0,37.0,2.0,8.0,8.0,3.0
85390,,0.0,0.0,1.0,0.0,1.0,0.0,-1.0,1.0,1.0,1.0,0.0,1.0,1.0,2.0,1.0,0.0,0.0,0.0,1.0,0.0,0.0,0.0,2.0,0.0,1.0,1.0,3.0,0.0,4.0,0.0
85392,,8.0,8.0,3.0,0.0,11.0,8.0,5.0,17.0,7.0,6.0,0.0,11.0,3.0,13.0,5.0,7.0,12.0,1.0,31.0,0.0,11.0,0.0,60.0,11.0,16.0,21.0,24.0,28.0,17.0,11.0
85395,,4.0,3.0,8.0,0.0,11.0,16.0,4.0,8.0,5.0,2.0,0.0,13.0,11.0,14.0,5.0,8.0,11.0,3.0,30.0,0.0,6.0,0.0,35.0,13.0,15.0,8.0,19.0,18.0,17.0,8.0
85396,,4.0,1.0,7.0,0.0,9.0,7.0,3.0,8.0,5.0,3.0,0.0,7.0,2.0,7.0,11.0,15.0,9.0,1.0,30.0,0.0,3.0,0.0,27.0,12.0,8.0,18.0,17.0,12.0,10.0,5.0
85501,,5.0,1.0,1.0,0.0,7.0,-6.0,0.0,-1.0,10.0,2.0,0.0,5.0,6.0,7.0,1.0,5.0,4.0,0.0,9.0,0.0,2.0,0.0,5.0,7.0,1.0,3.0,120.0,11.0,4.0,3.0
85530,,0.0,0.0,0.0,0.0,0.0,0.0,0.0,0.0,0.0,0.0,0.0,0.0,0.0,0.0,0.0,0.0,0.0,0.0,0.0,0.0,0.0,0.0,0.0,0.0,0.0,0.0,0.0,0.0,0.0,0.0
85531,,0.0,0.0,0.0,0.0,0.0,0.0,0.0,0.0,0.0,0.0,0.0,0.0,0.0,0.0,0.0,0.0,10.0,0.0,0.0,0.0,0.0,0.0,0.0,0.0,0.0,0.0,0.0,0.0,0.0,0.0
85532,,0.0,0.0,0.0,0.0,0.0,0.0,0.0,0.0,0.0,0.0,0.0,0.0,0.0,0.0,0.0,0.0,0.0,0.0,0.0,0.0,0.0,0.0,0.0,0.0,0.0,0.0,0.0,0.0,0.0,0.0
85533,,5.0,0.0,0.0,0.0,0.0,0.0,0.0,0.0,1.0,-1.0,0.0,-1.0,2.0,0.0,1.0,2.0,1.0,0.0,2.0,0.0,1.0,0.0,4.0,0.0,5.0,1.0,1.0,7.0,3.0,0.0
85534,,0.0,0.0,0.0,0.0,0.0,0.0,0.0,0.0,0.0,0.0,0.0,0.0,0.0,0.0,0.0,0.0,1.0,0.0,0.0,0.0,0.0,0.0,3.0,1.0,1.0,2.0,3.0,5.0,1.0,3.0
85536,,0.0,0.0,0.0,0.0,0.0,0.0,0.0,0.0,0.0,0.0,0.0,0.0,0.0,0.0,0.0,0.0,0.0,0.0,0.0,0.0,0.0,0.0,0.0,0.0,0.0,0.0,0.0,0.0,0.0,0.0
85539,,1.0,1.0,0.0,0.0,0.0,2.0,3.0,1.0,0.0,0.0,0.0,2.0,-1.0,3.0,2.0,-1.0,1.0,0.0,1.0,0.0,0.0,0.0,2.0,2.0,0.0,1.0,2.0,2.0,0.0,0.0
85540,,11.0,0.0,-1.0,0.0,1.0,0.0,0.0,0.0,0.0,3.0,0.0,1.0,0.0,0.0,0.0,0.0,4.0,0.0,2.0,0.0,1.0,0.0,0.0,2.0,4.0,2.0,4.0,4.0,1.0,4.0
85541,,1.0,5.0,2.0,0.0,1.0,0.0,2.0,2.0,3.0,0.0,0.0,4.0,1.0,3.0,2.0,1.0,0.0,0.0,6.0,0.0,1.0,0.0,9.0,7.0,3.0,9.0,11.0,16.0,3.0,2.0
85542,,7.0,-4.0,-1.0,0.0,1.0,7.0,-3.0,5.0,-1.0,6.0,0.0,16.0,-3.0,5.0,3.0,9.0,5.0,0.0,12.0,0.0,0.0,0.0,48.0,0.0,28.0,9.0,13.0,3.0,0.0,3.0
85542,,0.0,0.0,0.0,0.0,0.0,0.0,0.0,0.0,0.0,0.0,0.0,0.0,0.0,0.0,0.0,0.0,0.0,0.0,0.0,0.0,0.0,0.0,0.0,0.0,0.0,0.0,0.0,0.0,0.0,0.0
85543,,13.0,0.0,3.0,0.0,7.0,10.0,10.0,16.0,10.0,16.0,0.0,17.0,5.0,7.0,4.0,18.0,14.0,2.0,38.0,0.0,10.0,0.0,49.0,2.0,3.0,1.0,8.0,8.0,3.0,8.0
85544,,0.0,1.0,0.0,0.0,0.0,0.0,0.0,0.0,0.0,0.0,0.0,0.0,0.0,2.0,0.0,0.0,0.0,0.0,0.0,0.0,0.0,0.0,2.0,0.0,0.0,0.0,1.0,0.0,0.0,0.0
85545,,0.0,0.0,0.0,0.0,0.0,0.0,0.0,0.0,0.0,0.0,0.0,0.0,0.0,0.0,0.0,0.0,0.0,0.0,0.0,0.0,0.0,0.0,0.0,0.0,0.0,0.0,0.0,0.0,0.0,0.0
85546,,5.0,7.0,7.0,0.0,4.0,4.0,3.0,9.0,5.0,10.0,0.0,10.0,7.0,9.0,9.0,18.0,11.0,4.0,22.0,0.0,25.0,0.0,58.0,12.0,8.0,17.0,22.0,29.0,22.0,6.0
85550,,7.0,3.0,20.0,0.0,39.0,6.0,26.0,12.0,10.0,1.0,0.0,14.0,9.0,12.0,7.0,37.0,9.0,2.0,54.0,0.0,11.0,0.0,43.0,4.0,15.0,16.0,20.0,25.0,2.0,11.0
85550,,0.0,0.0,0.0,0.0,0.0,0.0,0.0,0.0,0.0,0.0,0.0,0.0,0.0,0.0,0.0,0.0,0.0,0.0,0.0,0.0,0.0,0.0,0.0,0.0,0.0,0.0,0.0,0.0,0.0,0.0
85552,,1.0,0.0,2.0,0.0,3.0,2.0,1.0,2.0,5.0,2.0,0.0,2.0,4.0,3.0,5.0,2.0,4.0,1.0,13.0,0.0,6.0,0.0,26.0,3.0,4.0,5.0,9.0,12.0,8.0,3.0
85553,,0.0,0.0,0.0,0.0,0.0,0.0,0.0,0.0,0.0,0.0,0.0,0.0,0.0,1.0,0.0,0.0,0.0,0.0,1.0,0.0,0.0,0.0,0.0,1.0,0.0,0.0,0.0,1.0,0.0,0.0
85554,,0.0,0.0,0.0,0.0,0.0,0.0,0.0,0.0,0.0,0.0,0.0,0.0,0.0,0.0,0.0,0.0,0.0,0.0,0.0,0.0,0.0,0.0,0.0,0.0,0.0,0.0,0.0,0.0,0.0,0.0
85601,,0.0,0.0,0.0,0.0,0.0,0.0,0.0,0.0,0.0,0.0,0.0,0.0,0.0,0.0,0.0,0.0,0.0,0.0,0.0,0.0,0.0,0.0,0.0,0.0,0.0,0.0,0.0,0.0,0.0,0.0
85602,,0.0,2.0,0.0,0.0,0.0,0.0,2.0,1.0,1.0,0.0,0.0,0.0,0.0,2.0,0.0,2.0,0.0,0.0,3.0,0.0,6.0,0.0,5.0,1.0,1.0,2.0,0.0,1.0,3.0,0.0
85603,,0.0,0.0,0.0,0.0,0.0,2.0,0.0,1.0,0.0,0.0,0.0,2.0,0.0,8.0,0.0,1.0,0.0,0.0,5.0,0.0,1.0,0.0,2.0,2.0,0.0,0.0,6.0,5.0,0.0,0.0
85605,,0.0,1.0,0.0,0.0,0.0,0.0,0.0,0.0,0.0,0.0,0.0,1.0,0.0,0.0,0.0,1.0,0.0,0.0,-1.0,0.0,0.0,0.0,1.0,0.0,0.0,0.0,0.0,0.0,0.0,0.0
85606,,0.0,0.0,0.0,0.0,0.0,0.0,0.0,0.0,0.0,0.0,0.0,0.0,0.0,0.0,0.0,0.0,0.0,0.0,0.0,0.0,0.0,0.0,0.0,0.0,0.0,0.0,0.0,1.0,0.0,0.0
85607,,4.0,3.0,7.0,0.0,0.0,10.0,8.0,13.0,6.0,0.0,0.0,19.0,4.0,13.0,10.0,23.0,1.0,0.0,70.0,0.0,7.0,0.0,64.0,46.0,13.0,7.0,140.0,23.0,27.0,0.0
85609,,0.0,0.0,0.0,0.0,0.0,0.0,0.0,0.0,0.0,0.0,0.0,0.0,0.0,0.0,0.0,0.0,0.0,0.0,0.0,0.0,0.0,0.0,0.0,0.0,0.0,0.0,0.0,0.0,0.0,0.0
85610,,0.0,0.0,0.0,0.0,0.0,0.0,0.0,0.0,0.0,0.0,0.0,0.0,0.0,0.0,0.0,0.0,0.0,0.0,0.0,0.0,0.0,0.0,0.0,0.0,0.0,0.0,5.0,3.0,0.0,0.0
85611,,0.0,0.0,0.0,0.0,0.0,0.0,0.0,0.0,0.0,0.0,0.0,0.0,0.0,0.0,0.0,0.0,0.0,0.0,0.0,0.0,0.0,0.0,0.0,0.0,0.0,0.0,0.0,0.0,0.0,0.0
85613,,1.0,0.0,2.0,0.0,0.0,0.0,3.0,0.0,0.0,0.0,0.0,0.0,0.0,0.0,0.0,3.0,0.0,0.0,5.0,0.0,0.0,0.0,1.0,0.0,1.0,-1.0,0.0,1.0,0.0,0.0
85614,,3.0,4.0,2.0,0.0,6.0,0.0,3.0,3.0,7.0,2.0,0.0,8.0,1.0,10.0,8.0,11.0,11.0,5.0,16.0,0.0,5.0,0.0,43.0,4.0,9.0,12.0,15.0,4.0,29.0,13.0
85615,,0.0,0.0,2.0,0.0,0.0,1.0,0.0,0.0,0.0,0.0,0.0,0.0,0.0,4.0,1.0,2.0,0.0,0.0,4.0,0.0,1.0,0.0,2.0,1.0,1.0,1.0,0.0,3.0,3.0,0.0
85616,,0.0,0.0,0.0,0.0,0.0,0.0,0.0,0.0,0.0,0.0,0.0,0.0,0.0,0.0,0.0,0.0,0.0,0.0,9.0,0.0,0.0,0.0,1.0,0.0,0.0,0.0,0.0,0.0,0.0,0.0
85617,,0.0,0.0,0.0,0.0,0.0,0.0,0.0,0.0,0.0,0.0,0.0,0.0,0.0,0.0,0.0,0.0,0.0,0.0,0.0,0.0,0.0,0.0,0.0,0.0,0.0,0.0,0.0,0.0,0.0,0.0
85618,,0.0,0.0,0.0,0.0,0.0,0.0,0.0,0.0,0.0,0.0,0.0,0.0,0.0,0.0,0.0,2.0,1.0,0.0,1.0,0.0,1.0,0.0,4.0,-1.0,1.0,0.0,1.0,0.0,0.0,0.0
85619,,0.0,0.0,0.0,0.0,0.0,0.0,0.0,0.0,0.0,0.0,0.0,0.0,0.0,10.0,0.0,0.0,0.0,0.0,0.0,0.0,0.0,0.0,0.0,0.0,0.0,0.0,0.0,0.0,0.0,0.0
85620,,0.0,0.0,0.0,0.0,0.0,0.0,0.0,0.0,0.0,0.0,0.0,1.0,0.0,0.0,0.0,1.0,0.0,0.0,1.0,0.0,2.0,0.0,0.0,0.0,1.0,0.0,2.0,3.0,2.0,0.0
85621,,0.0,4.0,4.0,0.0,8.0,4.0,10.0,12.0,5.0,10.0,0.0,8.0,1.0,-2.0,4.0,5.0,14.0,7.0,26.0,0.0,12.0,0.0,48.0,12.0,12.0,22.0,26.0,19.0,25.0,17.0
85622,,0.0,0.0,0.0,0.0,1.0,1.0,1.0,1.0,1.0,0.0,0.0,1.0,1.0,1.0,1.0,1.0,2.0,0.0,5.0,0.0,0.0,0.0,6.0,3.0,4.0,2.0,3.0,-2.0,9.0,10.0
85623,,0.0,0.0,0.0,0.0,0.0,0.0,0.0,0.0,1.0,2.0,0.0,-1.0,0.0,-1.0,0.0,0.0,0.0,1.0,0.0,0.0,1.0,0.0,7.0,2.0,4.0,1.0,1.0,1.0,3.0,3.0
85624,,0.0,0.0,0.0,0.0,0.0,0.0,0.0,0.0,0.0,1.0,0.0,0.0,0.0,0.0,0.0,0.0,0.0,0.0,0.0,0.0,0.0,0.0,0.0,0.0,2.0,0.0,0.0,0.0,0.0,0.0
85625,,0.0,0.0,0.0,0.0,0.0,1.0,1.0,0.0,0.0,1.0,0.0,8.0,1.0,0.0,0.0,0.0,0.0,0.0,1.0,0.0,0.0,0.0,1.0,0.0,0.0,0.0,0.0,0.0,0.0,0.0
85626,,0.0,0.0,0.0,0.0,0.0,1.0,1.0,-1.0,1.0,-1.0,0.0,-1.0,0.0,0.0,0.0,2.0,0.0,0.0,2.0,0.0,1.0,0.0,9.0,3.0,1.0,0.0,4.0,2.0,1.0,0.0
85629,,2.0,3.0,1.0,0.0,5.0,2.0,8.0,10.0,7.0,7.0,0.0,6.0,6.0,4.0,13.0,10.0,14.0,1.0,27.0,0.0,4.0,0.0,31.0,8.0,17.0,17.0,9.0,4.0,24.0,15.0
85630,,0.0,0.0,0.0,0.0,0.0,0.0,0.0,0.0,0.0,0.0,0.0,0.0,0.0,0.0,0.0,0.0,0.0,0.0,5.0,0.0,1.0,0.0,2.0,1.0,0.0,0.0,1.0,0.0,1.0,0.0
85631,,0.0,0.0,0.0,0.0,1.0,0.0,0.0,1.0,2.0,0.0,0.0,0.0,0.0,0.0,0.0,1.0,0.0,0.0,0.0,0.0,1.0,0.0,5.0,1.0,3.0,4.0,0.0,1.0,-1.0,2.0
85632,,0.0,0.0,0.0,0.0,0.0,0.0,0.0,0.0,0.0,0.0,0.0,0.0,0.0,0.0,0.0,0.0,0.0,0.0,0.0,0.0,0.0,0.0,0.0,0.0,1.0,0.0,0.0,0.0,0.0,0.0
85633,,0.0,0.0,0.0,0.0,0.0,0.0,0.0,0.0,0.0,0.0,0.0,0.0,0.0,0.0,0.0,0.0,0.0,0.0,0.0,0.0,0.0,0.0,0.0,0.0,0.0,0.0,0.0,0.0,0.0,0.0
85634,,0.0,1.0,0.0,0.0,0.0,2.0,3.0,2.0,2.0,0.0,0.0,4.0,2.0,3.0,4.0,1.0,1.0,0.0,10.0,0.0,0.0,0.0,19.0,5.0,6.0,1.0,18.0,7.0,5.0,3.0
85635,,0.0,1.0,1.0,0.0,1.0,3.0,3.0,4.0,2.0,0.0,0.0,5.0,3.0,2.0,4.0,2.0,0.0,0.0,16.0,0.0,3.0,0.0,11.0,8.0,6.0,5.0,6.0,3.0,14.0,0.0
85637,,0.0,0.0,0.0,0.0,0.0,0.0,0.0,0.0,0.0,0.0,0.0,0.0,0.0,0.0,1.0,0.0,0.0,0.0,0.0,0.0,0.0,0.0,1.0,1.0,0.0,0.0,1.0,0.0,0.0,0.0
85638,,0.0,0.0,0.0,0.0,0.0,0.0,1.0,0.0,0.0,0.0,0.0,0.0,0.0,0.0,0.0,1.0,0.0,0.0,2.0,0.0,0.0,0.0,0.0,0.0,0.0,0.0,0.0,0.0,0.0,0.0
85639,,0.0,0.0,0.0,0.0,0.0,0.0,0.0,0.0,0.0,0.0,0.0,0.0,0.0,0.0,0.0,0.0,0.0,0.0,0.0,0.0,0.0,0.0,0.0,0.0,0.0,2.0,0.0,0.0,0.0,0.0
85640,,0.0,0.0,0.0,0.0,0.0,0.0,0.0,0.0,0.0,0.0,0.0,0.0,0.0,0.0,0.0,0.0,0.0,0.0,0.0,0.0,0.0,0.0,0.0,0.0,0.0,0.0,0.0,0.0,0.0,0.0
85641,,2.0,2.0,-1.0,0.0,3.0,8.0,2.0,13.0,7.0,9.0,0.0,7.0,7.0,1.0,6.0,2.0,2.0,3.0,18.0,0.0,6.0,0.0,27.0,9.0,9.0,22.0,13.0,5.0,18.0,22.0
85643,,0.0,1.0,2.0,0.0,0.0,3.0,1.0,0.0,2.0,1.0,0.0,12.0,8.0,5.0,7.0,5.0,0.0,0.0,22.0,0.0,10.0,0.0,20.0,2.0,9.0,3.0,22.0,9.0,4.0,0.0
85645,,0.0,0.0,0.0,0.0,1.0,0.0,1.0,0.0,0.0,0.0,0.0,1.0,0.0,0.0,3.0,0.0,0.0,0.0,1.0,0.0,0.0,0.0,1.0,1.0,0.0,0.0,1.0,1.0,4.0,1.0
85646,,0.0,0.0,0.0,0.0,0.0,0.0,0.0,0.0,0.0,0.0,0.0,0.0,0.0,0.0,0.0,0.0,0.0,0.0,1.0,0.0,0.0,0.0,1.0,0.0,0.0,1.0,0.0,1.0,2.0,0.0
85648,,0.0,0.0,1.0,0.0,8.0,5.0,6.0,7.0,3.0,12.0,0.0,7.0,2.0,6.0,10.0,1.0,7.0,6.0,17.0,0.0,9.0,0.0,37.0,10.0,13.0,20.0,31.0,39.0,36.0,18.0
85650,,0.0,2.0,2.0,0.0,-1.0,3.0,1.0,1.0,0.0,0.0,0.0,2.0,1.0,0.0,2.0,5.0,0.0,0.0,10.0,0.0,2.0,0.0,7.0,6.0,2.0,0.0,4.0,4.0,7.0,0.0
85653,,1.0,1.0,2.0,0.0,6.0,1.0,3.0,2.0,4.0,1.0,0.0,5.0,1.0,4.0,4.0,1.0,2.0,1.0,11.0,0.0,5.0,0.0,16.0,7.0,2.0,4.0,8.0,2.0,17.0,11.0
85658,,0.0,0.0,0.0,0.0,3.0,2.0,4.0,0.0,1.0,4.0,0.0,2.0,0.0,6.0,2.0,2.0,9.0,0.0,5.0,0.0,9.0,0.0,17.0,5.0,4.0,7.0,11.0,0.0,12.0,4.0
85701,,0.0,3.0,0.0,0.0,2.0,1.0,-1.0,0.0,1.0,1.0,0.0,3.0,5.0,1.0,2.0,4.0,4.0,0.0,6.0,0.0,3.0,0.0,10.0,2.0,-1.0,3.0,3.0,1.0,3.0,4.0
85704,,2.0,1.0,1.0,0.0,16.0,7.0,4.0,1.0,3.0,5.0,0.0,3.0,3.0,6.0,10.0,5.0,9.0,0.0,12.0,0.0,9.0,0.0,16.0,3.0,4.0,20.0,12.0,6.0,10.0,8.0
85705,,3.0,6.0,0.0,0.0,16.0,15.0,7.0,8.0,23.0,11.0,0.0,28.0,7.0,9.0,15.0,15.0,11.0,0.0,53.0,0.0,13.0,0.0,80.0,17.0,27.0,21.0,18.0,8.0,40.0,31.0
85706,,12.0,15.0,7.0,0.0,22.0,18.0,11.0,26.0,21.0,23.0,0.0,22.0,7.0,10.0,22.0,32.0,27.0,3.0,61.0,0.0,26.0,0.0,133.0,41.0,27.0,54.0,42.0,20.0,75.0,49.0
85707,,0.0,0.0,0.0,0.0,0.0,1.0,0.0,0.0,0.0,1.0,0.0,0.0,0.0,0.0,0.0,0.0,0.0,0.0,0.0,0.0,1.0,0.0,0.0,0.0,1.0,0.0,1.0,0.0,1.0,1.0
85708,,0.0,0.0,0.0,0.0,0.0,1.0,0.0,0.0,1.0,0.0,0.0,2.0,1.0,0.0,0.0,0.0,0.0,0.0,0.0,0.0,0.0,0.0,1.0,1.0,0.0,0.0,0.0,0.0,0.0,0.0
85710,,3.0,3.0,2.0,0.0,12.0,10.0,2.0,7.0,21.0,8.0,0.0,11.0,6.0,3.0,13.0,8.0,16.0,1.0,21.0,0.0,13.0,0.0,58.0,18.0,13.0,26.0,22.0,11.0,30.0,21.0
85711,,4.0,1.0,3.0,0.0,3.0,4.0,1.0,6.0,11.0,3.0,0.0,11.0,4.0,9.0,10.0,10.0,9.0,7.0,13.0,0.0,5.0,0.0,59.0,-14.0,1.0,19.0,30.0,8.0,22.0,21.0
85712,,2.0,1.0,-1.0,0.0,3.0,1.0,4.0,6.0,4.0,3.0,0.0,5.0,0.0,3.0,12.0,5.0,3.0,0.0,13.0,0.0,11.0,0.0,34.0,-13.0,9.0,15.0,16.0,10.0,32.0,15.0
85713,,1.0,7.0,-3.0,0.0,20.0,8.0,6.0,11.0,14.0,10.0,0.0,12.0,6.0,14.0,12.0,18.0,20.0,2.0,42.0,0.0,20.0,0.0,86.0,25.0,19.0,31.0,30.0,12.0,56.0,25.0
85714,,2.0,3.0,3.0,0.0,2.0,1.0,-1.0,5.0,5.0,4.0,0.0,6.0,5.0,5.0,8.0,5.0,13.0,1.0,19.0,0.0,3.0,0.0,31.0,7.0,10.0,20.0,14.0,6.0,23.0,9.0
85715,,2.0,0.0,0.0,0.0,9.0,1.0,0.0,2.0,7.0,2.0,0.0,4.0,1.0,0.0,5.0,3.0,7.0,1.0,12.0,0.0,5.0,0.0,20.0,7.0,6.0,6.0,9.0,7.0,10.0,12.0
85716,,5.0,6.0,-2.0,0.0,5.0,1.0,1.0,4.0,4.0,5.0,0.0,11.0,3.0,2.0,1.0,13.0,7.0,1.0,21.0,0.0,7.0,0.0,24.0,7.0,8.0,13.0,7.0,4.0,10.0,13.0
85718,,4.0,2.0,-1.0,0.0,4.0,4.0,4.0,5.0,0.0,3.0,0.0,3.0,2.0,4.0,4.0,3.0,1.0,2.0,7.0,0.0,2.0,0.0,18.0,3.0,3.0,19.0,16.0,5.0,14.0,11.0
85719,,2.0,10.0,21.0,0.0,6.0,26.0,12.0,20.0,18.0,23.0,0.0,19.0,28.0,4.0,10.0,9.0,13.0,0.0,26.0,0.0,11.0,0.0,50.0,15.0,24.0,18.0,19.0,7.0,30.0,11.0
85730,,4.0,6.0,0.0,0.0,6.0,5.0,0.0,6.0,15.0,5.0,0.0,7.0,4.0,4.0,4.0,5.0,11.0,1.0,11.0,0.0,4.0,0.0,28.0,5.0,6.0,15.0,14.0,3.0,22.0,17.0
85735,,0.0,2.0,0.0,0.0,1.0,1.0,1.0,2.0,0.0,0.0,0.0,1.0,1.0,2.0,4.0,0.0,3.0,0.0,6.0,0.0,5.0,0.0,10.0,4.0,3.0,6.0,3.0,0.0,7.0,2.0
85736,,-1.0,1.0,0.0,0.0,0.0,1.0,1.0,0.0,0.0,0.0,0.0,2.0,0.0,1.0,0.0,1.0,3.0,0.0,1.0,0.0,1.0,0.0,2.0,0.0,0.0,2.0,0.0,0.0,2.0,0.0
85737,,1.0,2.0,0.0,0.0,2.0,3.0,2.0,1.0,2.0,3.0,0.0,1.0,1.0,1.0,2.0,2.0,1.0,0.0,9.0,0.0,4.0,0.0,23.0,11.0,2.0,8.0,4.0,1.0,14.0,9.0
85739,,2.0,1.0,1.0,0.0,0.0,3.0,0.0,3.0,3.0,6.0,0.0,4.0,-1.0,-1.0,5.0,0.0,3.0,0.0,4.0,0.0,2.0,0.0,7.0,4.0,3.0,5.0,10.0,2.0,4.0,7.0
85741,,6.0,6.0,0.0,0.0,8.0,4.0,2.0,6.0,3.0,3.0,0.0,4.0,-1.0,5.0,7.0,7.0,10.0,2.0,26.0,0.0,7.0,0.0,44.0,7.0,14.0,30.0,16.0,7.0,19.0,20.0
85742,,1.0,0.0,2.0,0.0,4.0,0.0,5.0,7.0,5.0,6.0,0.0,2.0,0.0,6.0,5.0,4.0,4.0,0.0,14.0,0.0,1.0,0.0,29.0,9.0,7.0,15.0,22.0,6.0,17.0,10.0
85743,,3.0,7.0,0.0,0.0,3.0,2.0,2.0,5.0,2.0,3.0,0.0,2.0,0.0,7.0,8.0,4.0,7.0,1.0,15.0,0.0,13.0,0.0,31.0,9.0,7.0,13.0,16.0,6.0,22.0,12.0
85745,,1.0,1.0,0.0,0.0,1.0,7.0,6.0,8.0,12.0,6.0,0.0,11.0,6.0,10.0,15.0,17.0,17.0,2.0,31.0,0.0,7.0,0.0,50.0,8.0,20.0,18.0,18.0,10.0,37.0,30.0
85746,,11.0,5.0,2.0,0.0,21.0,8.0,12.0,6.0,24.0,11.0,0.0,31.0,10.0,7.0,21.0,28.0,23.0,6.0,56.0,0.0,24.0,0.0,90.0,23.0,18.0,34.0,29.0,17.0,63.0,43.0
85747,,1.0,8.0,2.0,0.0,5.0,9.0,2.0,5.0,17.0,7.0,0.0,8.0,4.0,4.0,8.0,8.0,7.0,3.0,23.0,0.0,6.0,0.0,24.0,12.0,3.0,18.0,14.0,7.0,19.0,11.0
85748,,1.0,-2.0,2.0,0.0,3.0,0.0,1.0,2.0,4.0,1.0,0.0,5.0,1.0,1.0,8.0,5.0,3.0,1.0,7.0,0.0,1.0,0.0,17.0,7.0,4.0,5.0,9.0,0.0,15.0,8.0
85749,,0.0,1.0,0.0,0.0,2.0,1.0,2.0,3.0,3.0,4.0,0.0,3.0,1.0,2.0,5.0,4.0,2.0,0.0,3.0,0.0,4.0,0.0,21.0,4.0,2.0,12.0,8.0,4.0,18.0,5.0
85750,,0.0,2.0,3.0,0.0,2.0,5.0,1.0,4.0,7.0,8.0,0.0,4.0,2.0,4.0,4.0,2.0,9.0,0.0,8.0,0.0,7.0,0.0,11.0,4.0,13.0,10.0,13.0,-1.0,21.0,7.0
85755,,0.0,1.0,-2.0,0.0,2.0,0.0,1.0,2.0,2.0,-1.0,0.0,3.0,1.0,1.0,0.0,4.0,-1.0,1.0,4.0,0.0,3.0,0.0,8.0,1.0,3.0,11.0,8.0,2.0,19.0,14.0
85756,,8.0,7.0,3.0,0.0,17.0,74.0,5.0,12.0,20.0,37.0,0.0,48.0,10.0,7.0,32.0,26.0,58.0,21.0,63.0,0.0,75.0,0.0,297.0,84.0,16.0,35.0,37.0,26.0,79.0,23.0
85757,,2.0,4.0,2.0,0.0,10.0,1.0,6.0,7.0,10.0,8.0,0.0,13.0,1.0,5.0,15.0,11.0,14.0,3.0,17.0,0.0,13.0,0.0,59.0,12.0,30.0,14.0,18.0,15.0,36.0,12.0
85901,,7.0,1.0,16.0,0.0,3.0,1.0,21.0,14.0,11.0,4.0,0.0,7.0,19.0,6.0,20.0,16.0,2.0,3.0,19.0,0.0,3.0,0.0,20.0,6.0,3.0,4.0,7.0,9.0,14.0,7.0
85911,,0.0,0.0,0.0,0.0,0.0,0.0,0.0,0.0,0.0,0.0,0.0,0.0,0.0,0.0,0.0,0.0,0.0,0.0,0.0,0.0,0.0,0.0,0.0,0.0,0.0,0.0,0.0,0.0,0.0,0.0
85911,,0.0,0.0,0.0,0.0,0.0,0.0,0.0,0.0,0.0,0.0,0.0,0.0,0.0,0.0,0.0,0.0,0.0,0.0,0.0,0.0,0.0,0.0,0.0,0.0,0.0,0.0,0.0,0.0,0.0,0.0
85920,,0.0,0.0,0.0,0.0,0.0,0.0,0.0,0.0,0.0,0.0,0.0,0.0,0.0,0.0,0.0,0.0,0.0,0.0,0.0,0.0,0.0,0.0,0.0,1.0,0.0,0.0,0.0,0.0,0.0,0.0
85922,,0.0,0.0,0.0,0.0,0.0,0.0,0.0,0.0,0.0,0.0,0.0,0.0,0.0,0.0,0.0,0.0,0.0,0.0,0.0,0.0,0.0,0.0,0.0,0.0,0.0,0.0,0.0,0.0,0.0,0.0
85923,,0.0,0.0,0.0,0.0,0.0,0.0,0.0,0.0,0.0,0.0,0.0,0.0,0.0,0.0,0.0,0.0,0.0,0.0,0.0,0.0,0.0,0.0,0.0,0.0,0.0,0.0,0.0,0.0,0.0,0.0
85924,,0.0,0.0,0.0,0.0,0.0,0.0,1.0,-1.0,0.0,0.0,0.0,0.0,-2.0,0.0,0.0,0.0,0.0,0.0,4.0,0.0,0.0,0.0,4.0,0.0,1.0,0.0,0.0,1.0,1.0,0.0
85925,,0.0,2.0,0.0,0.0,1.0,3.0,0.0,2.0,0.0,0.0,0.0,2.0,0.0,0.0,1.0,0.0,1.0,-1.0,3.0,0.0,5.0,0.0,10.0,5.0,2.0,8.0,6.0,7.0,6.0,0.0
85926,,0.0,0.0,0.0,0.0,0.0,0.0,0.0,0.0,0.0,0.0,0.0,0.0,0.0,0.0,0.0,0.0,0.0,0.0,0.0,0.0,0.0,0.0,0.0,0.0,0.0,0.0,0.0,0.0,0.0,0.0
85927,,0.0,0.0,0.0,0.0,0.0,0.0,0.0,0.0,0.0,0.0,0.0,0.0,0.0,0.0,0.0,0.0,0.0,0.0,0.0,0.0,0.0,0.0,0.0,0.0,0.0,0.0,0.0,0.0,0.0,0.0
85928,,0.0,0.0,0.0,0.0,0.0,0.0,0.0,0.0,0.0,0.0,0.0,0.0,0.0,0.0,0.0,0.0,0.0,0.0,0.0,0.0,0.0,0.0,0.0,0.0,0.0,0.0,8.0,0.0,0.0,0.0
85929,,-2.0,-1.0,1.0,0.0,2.0,0.0,12.0,2.0,0.0,2.0,0.0,1.0,5.0,3.0,5.0,-1.0,2.0,-1.0,6.0,0.0,0.0,0.0,3.0,-1.0,0.0,3.0,2.0,0.0,4.0,2.0
85930,,0.0,0.0,0.0,0.0,0.0,0.0,0.0,0.0,0.0,0.0,0.0,0.0,0.0,0.0,0.0,0.0,0.0,0.0,0.0,0.0,0.0,0.0,0.0,0.0,0.0,0.0,0.0,0.0,0.0,0.0
85931,,0.0,0.0,0.0,0.0,0.0,0.0,0.0,0.0,0.0,0.0,0.0,0.0,0.0,0.0,0.0,0.0,0.0,0.0,0.0,0.0,0.0,0.0,0.0,0.0,0.0,10.0,0.0,0.0,0.0,0.0
85932,,0.0,0.0,0.0,0.0,0.0,0.0,0.0,0.0,0.0,0.0,0.0,0.0,0.0,0.0,0.0,0.0,0.0,0.0,0.0,0.0,0.0,0.0,0.0,0.0,0.0,0.0,0.0,0.0,0.0,0.0
85933,,0.0,1.0,1.0,0.0,0.0,-3.0,1.0,1.0,0.0,0.0,0.0,3.0,0.0,2.0,0.0,0.0,2.0,0.0,1.0,0.0,0.0,0.0,0.0,0.0,0.0,1.0,0.0,0.0,0.0,0.0
85934,,0.0,0.0,0.0,0.0,0.0,0.0,0.0,0.0,0.0,0.0,0.0,0.0,0.0,0.0,0.0,0.0,0.0,0.0,0.0,0.0,0.0,0.0,0.0,0.0,0.0,0.0,0.0,0.0,1.0,-1.0
85935,,1.0,1.0,0.0,0.0,1.0,0.0,1.0,0.0,0.0,0.0,0.0,1.0,1.0,3.0,1.0,0.0,0.0,0.0,2.0,0.0,3.0,0.0,2.0,2.0,0.0,1.0,1.0,0.0,1.0,0.0
85936,,0.0,0.0,0.0,0.0,1.0,5.0,5.0,0.0,1.0,0.0,0.0,2.0,3.0,0.0,2.0,0.0,0.0,1.0,6.0,0.0,1.0,0.0,5.0,2.0,10.0,1.0,1.0,0.0,2.0,0.0
85937,,0.0,1.0,0.0,0.0,1.0,0.0,1.0,4.0,2.0,2.0,0.0,1.0,-1.0,0.0,2.0,1.0,0.0,2.0,2.0,0.0,2.0,0.0,10.0,4.0,3.0,4.0,11.0,1.0,6.0,6.0
85938,,0.0,2.0,0.0,0.0,0.0,1.0,0.0,1.0,1.0,0.0,0.0,0.0,-3.0,-1.0,2.0,0.0,0.0,0.0,2.0,0.0,1.0,0.0,4.0,2.0,7.0,7.0,-1.0,1.0,1.0,0.0
85939,,0.0,1.0,0.0,0.0,1.0,0.0,4.0,1.0,1.0,2.0,0.0,2.0,-1.0,0.0,4.0,1.0,0.0,0.0,0.0,0.0,0.0,0.0,3.0,0.0,1.0,2.0,2.0,3.0,3.0,6.0
85940,,0.0,0.0,0.0,0.0,0.0,0.0,0.0,0.0,1.0,0.0,0.0,0.0,0.0,1.0,0.0,0.0,0.0,0.0,0.0,0.0,0.0,0.0,1.0,0.0,0.0,0.0,0.0,0.0,0.0,0.0
85941,,0.0,0.0,0.0,0.0,0.0,0.0,0.0,0.0,0.0,0.0,0.0,0.0,0.0,0.0,0.0,0.0,0.0,0.0,0.0,0.0,0.0,0.0,0.0,0.0,0.0,0.0,0.0,0.0,0.0,0.0
85942,,0.0,0.0,0.0,0.0,0.0,0.0,0.0,0.0,0.0,0.0,0.0,0.0,0.0,0.0,0.0,0.0,0.0,0.0,0.0,0.0,0.0,0.0,0.0,0.0,0.0,10.0,0.0,0.0,0.0,0.0
86001,,5.0,-3.0,12.0,0.0,6.0,8.0,15.0,14.0,8.0,-4.0,0.0,14.0,2.0,28.0,18.0,28.0,9.0,4.0,25.0,0.0,15.0,0.0,41.0,20.0,14.0,23.0,54.0,36.0,10.0,20.0
86004,,13.0,27.0,19.0,0.0,16.0,13.0,17.0,14.0,17.0,-2.0,0.0,5.0,2.0,13.0,10.0,18.0,6.0,1.0,23.0,0.0,16.0,0.0,27.0,14.0,13.0,13.0,59.0,29.0,22.0,16.0
86005,,2.0,6.0,2.0,0.0,3.0,4.0,8.0,3.0,3.0,1.0,0.0,1.0,5.0,6.0,0.0,5.0,6.0,0.0,15.0,0.0,12.0,0.0,18.0,8.0,2.0,16.0,9.0,0.0,5.0,5.0
86015,,-1.0,0.0,0.0,0.0,0.0,1.0,1.0,0.0,1.0,0.0,0.0,0.0,0.0,0.0,0.0,-1.0,0.0,0.0,1.0,0.0,1.0,0.0,0.0,0.0,0.0,0.0,0.0,1.0,1.0,0.0
86016,,0.0,0.0,0.0,0.0,0.0,0.0,0.0,0.0,0.0,0.0,0.0,0.0,0.0,0.0,0.0,0.0,0.0,0.0,0.0,0.0,0.0,0.0,0.0,0.0,0.0,0.0,0.0,0.0,0.0,0.0
86016,,0.0,0.0,0.0,0.0,0.0,0.0,0.0,0.0,0.0,0.0,0.0,0.0,0.0,0.0,0.0,0.0,0.0,0.0,0.0,0.0,0.0,0.0,0.0,0.0,0.0,0.0,0.0,0.0,0.0,0.0
86017,,0.0,0.0,0.0,0.0,0.0,0.0,1.0,0.0,0.0,0.0,0.0,0.0,0.0,1.0,0.0,1.0,1.0,0.0,1.0,0.0,1.0,0.0,0.0,0.0,0.0,0.0,1.0,0.0,0.0,0.0
86018,,0.0,0.0,0.0,0.0,0.0,0.0,0.0,0.0,1.0,1.0,0.0,0.0,0.0,0.0,1.0,0.0,0.0,0.0,1.0,0.0,1.0,0.0,0.0,0.0,0.0,1.0,0.0,0.0,0.0,0.0
86020,,0.0,0.0,0.0,0.0,0.0,0.0,0.0,0.0,0.0,0.0,0.0,0.0,0.0,0.0,0.0,0.0,0.0,0.0,0.0,0.0,0.0,0.0,0.0,0.0,0.0,0.0,0.0,0.0,0.0,0.0
86020,,0.0,0.0,0.0,0.0,0.0,0.0,0.0,0.0,0.0,0.0,0.0,0.0,0.0,0.0,0.0,0.0,0.0,0.0,0.0,0.0,0.0,0.0,0.0,0.0,0.0,0.0,0.0,0.0,0.0,0.0
86021,,0.0,0.0,0.0,0.0,3.0,0.0,1.0,3.0,0.0,0.0,0.0,0.0,0.0,1.0,2.0,0.0,0.0,0.0,8.0,0.0,-3.0,0.0,1.0,2.0,2.0,0.0,1.0,3.0,-1.0,0.0
86022,,0.0,0.0,0.0,0.0,1.0,1.0,1.0,-2.0,1.0,0.0,0.0,1.0,0.0,0.0,1.0,0.0,2.0,0.0,2.0,0.0,2.0,0.0,1.0,0.0,2.0,0.0,1.0,1.0,3.0,0.0
86023,,0.0,0.0,1.0,0.0,0.0,-1.0,1.0,-1.0,0.0,0.0,0.0,0.0,0.0,0.0,0.0,2.0,2.0,0.0,-1.0,0.0,0.0,0.0,1.0,2.0,1.0,0.0,1.0,1.0,0.0,1.0
86024,,0.0,0.0,0.0,0.0,0.0,0.0,0.0,0.0,0.0,0.0,0.0,1.0,0.0,0.0,1.0,2.0,0.0,0.0,0.0,0.0,0.0,0.0,2.0,1.0,2.0,1.0,0.0,4.0,2.0,3.0
86025,,1.0,2.0,1.0,0.0,2.0,0.0,1.0,0.0,3.0,2.0,0.0,3.0,-1.0,3.0,0.0,2.0,0.0,4.0,6.0,0.0,-1.0,0.0,10.0,5.0,6.0,2.0,7.0,5.0,0.0,8.0
86029,,0.0,2.0,0.0,0.0,0.0,-1.0,0.0,0.0,0.0,0.0,0.0,0.0,0.0,0.0,2.0,-1.0,0.0,1.0,-2.0,0.0,0.0,0.0,0.0,0.0,0.0,0.0,1.0,-1.0,0.0,0.0
86030,,0.0,0.0,0.0,0.0,0.0,0.0,0.0,0.0,0.0,0.0,0.0,0.0,0.0,0.0,0.0,0.0,0.0,0.0,0.0,0.0,0.0,0.0,0.0,0.0,0.0,0.0,0.0,0.0,0.0,0.0
86032,,0.0,0.0,0.0,0.0,0.0,-1.0,0.0,2.0,0.0,1.0,0.0,0.0,0.0,0.0,0.0,2.0,2.0,1.0,1.0,0.0,3.0,0.0,4.0,1.0,2.0,1.0,2.0,2.0,-1.0,1.0
86033,,0.0,0.0,0.0,0.0,0.0,0.0,0.0,0.0,0.0,0.0,0.0,0.0,0.0,0.0,0.0,0.0,0.0,0.0,0.0,0.0,0.0,0.0,0.0,0.0,0.0,0.0,0.0,0.0,0.0,0.0
86033,,0.0,0.0,0.0,0.0,0.0,0.0,0.0,0.0,0.0,0.0,0.0,0.0,0.0,0.0,0.0,0.0,0.0,0.0,0.0,0.0,0.0,0.0,0.0,0.0,0.0,0.0,0.0,0.0,0.0,0.0
86034,,0.0,0.0,0.0,0.0,0.0,0.0,0.0,0.0,0.0,0.0,0.0,0.0,0.0,0.0,0.0,0.0,0.0,0.0,0.0,0.0,0.0,0.0,0.0,0.0,0.0,0.0,0.0,0.0,0.0,0.0
86035,,0.0,0.0,0.0,0.0,0.0,0.0,0.0,0.0,0.0,0.0,0.0,0.0,0.0,0.0,0.0,0.0,0.0,0.0,0.0,0.0,0.0,0.0,0.0,0.0,0.0,0.0,0.0,0.0,0.0,0.0
86035,,0.0,0.0,0.0,0.0,0.0,0.0,0.0,0.0,0.0,0.0,0.0,0.0,0.0,0.0,0.0,0.0,0.0,0.0,0.0,0.0,0.0,0.0,0.0,0.0,0.0,0.0,0.0,0.0,0.0,0.0
86036,,0.0,0.0,0.0,0.0,0.0,0.0,0.0,0.0,0.0,0.0,0.0,0.0,0.0,0.0,0.0,0.0,0.0,0.0,0.0,0.0,0.0,0.0,0.0,0.0,0.0,0.0,0.0,0.0,0.0,0.0
86038,,0.0,0.0,0.0,0.0,0.0,0.0,0.0,0.0,0.0,0.0,0.0,0.0,0.0,0.0,0.0,0.0,0.0,0.0,0.0,0.0,0.0,0.0,0.0,0.0,0.0,0.0,0.0,0.0,0.0,0.0
86040,,3.0,1.0,6.0,0.0,0.0,1.0,8.0,-3.0,4.0,8.0,0.0,5.0,8.0,5.0,3.0,2.0,8.0,0.0,17.0,0.0,8.0,0.0,60.0,5.0,7.0,7.0,5.0,5.0,3.0,1.0
86042,,0.0,0.0,0.0,0.0,0.0,0.0,0.0,0.0,0.0,0.0,0.0,0.0,0.0,0.0,0.0,0.0,0.0,0.0,0.0,0.0,0.0,0.0,0.0,0.0,0.0,0.0,0.0,0.0,0.0,0.0
86042,,0.0,0.0,0.0,0.0,0.0,0.0,0.0,0.0,0.0,0.0,0.0,0.0,0.0,0.0,0.0,0.0,0.0,0.0,0.0,0.0,0.0,0.0,0.0,0.0,0.0,0.0,0.0,0.0,0.0,0.0
86043,,0.0,0.0,0.0,0.0,0.0,0.0,0.0,0.0,0.0,0.0,0.0,0.0,0.0,0.0,0.0,0.0,0.0,0.0,0.0,0.0,0.0,0.0,0.0,0.0,0.0,0.0,0.0,0.0,0.0,0.0
86043,,0.0,0.0,0.0,0.0,0.0,0.0,0.0,0.0,0.0,0.0,0.0,0.0,0.0,0.0,0.0,0.0,0.0,0.0,0.0,0.0,0.0,0.0,0.0,0.0,0.0,0.0,0.0,0.0,0.0,0.0
86044,,0.0,0.0,0.0,0.0,0.0,0.0,0.0,0.0,0.0,0.0,0.0,0.0,0.0,0.0,0.0,0.0,0.0,0.0,0.0,0.0,0.0,0.0,0.0,0.0,0.0,0.0,0.0,0.0,0.0,0.0
86044,,0.0,0.0,0.0,0.0,0.0,0.0,0.0,0.0,0.0,0.0,0.0,0.0,0.0,0.0,0.0,0.0,0.0,0.0,0.0,0.0,0.0,0.0,0.0,0.0,0.0,0.0,0.0,0.0,0.0,0.0
86045,,0.0,0.0,0.0,0.0,0.0,0.0,0.0,0.0,0.0,0.0,0.0,0.0,0.0,0.0,0.0,0.0,0.0,0.0,0.0,0.0,0.0,0.0,0.0,0.0,0.0,0.0,0.0,0.0,0.0,0.0
86045,,0.0,0.0,0.0,0.0,0.0,0.0,0.0,0.0,0.0,0.0,0.0,0.0,0.0,0.0,0.0,0.0,0.0,0.0,0.0,0.0,0.0,0.0,0.0,0.0,0.0,0.0,0.0,0.0,0.0,0.0
86046,,1.0,0.0,1.0,0.0,0.0,1.0,3.0,1.0,2.0,0.0,0.0,-1.0,-1.0,1.0,2.0,1.0,0.0,0.0,5.0,0.0,1.0,0.0,4.0,0.0,0.0,4.0,3.0,6.0,2.0,2.0
86047,,6.0,6.0,6.0,0.0,3.0,5.0,9.0,10.0,12.0,17.0,0.0,9.0,0.0,8.0,7.0,3.0,3.0,3.0,15.0,0.0,17.0,0.0,36.0,19.0,14.0,18.0,3.0,17.0,18.0,13.0
86052,,0.0,0.0,0.0,0.0,0.0,0.0,0.0,0.0,0.0,0.0,0.0,0.0,0.0,0.0,0.0,0.0,10.0,0.0,0.0,0.0,0.0,0.0,0.0,0.0,0.0,0.0,0.0,0.0,0.0,0.0
86053,,0.0,0.0,0.0,0.0,0.0,0.0,0.0,0.0,0.0,0.0,0.0,0.0,0.0,0.0,0.0,0.0,0.0,0.0,0.0,0.0,0.0,0.0,0.0,0.0,0.0,0.0,0.0,0.0,0.0,0.0
86054,,0.0,0.0,0.0,0.0,0.0,0.0,0.0,0.0,0.0,0.0,0.0,0.0,0.0,0.0,0.0,0.0,0.0,0.0,0.0,0.0,0.0,0.0,0.0,0.0,0.0,0.0,0.0,0.0,0.0,0.0
86054,,0.0,0.0,0.0,0.0,0.0,0.0,0.0,0.0,0.0,0.0,0.0,0.0,0.0,0.0,0.0,0.0,0.0,0.0,0.0,0.0,0.0,0.0,0.0,0.0,0.0,0.0,0.0,0.0,0.0,0.0
86301,,0.0,0.0,0.0,0.0,3.0,1.0,2.0,0.0,2.0,0.0,0.0,3.0,2.0,3.0,1.0,4.0,0.0,0.0,9.0,0.0,0.0,0.0,20.0,9.0,7.0,9.0,14.0,17.0,11.0,14.0
86303,,3.0,0.0,1.0,0.0,2.0,1.0,0.0,1.0,1.0,2.0,0.0,7.0,0.0,2.0,0.0,10.0,0.0,0.0,5.0,0.0,1.0,0.0,14.0,7.0,3.0,7.0,7.0,11.0,4.0,8.0
86305,,5.0,-1.0,3.0,0.0,1.0,0.0,2.0,5.0,8.0,0.0,0.0,6.0,1.0,1.0,0.0,0.0,0.0,0.0,15.0,0.0,0.0,0.0,14.0,14.0,6.0,4.0,8.0,15.0,6.0,17.0
86314,,4.0,2.0,0.0,0.0,6.0,2.0,0.0,2.0,2.0,1.0,0.0,9.0,0.0,4.0,-1.0,16.0,1.0,0.0,18.0,0.0,0.0,0.0,27.0,20.0,9.0,29.0,24.0,33.0,21.0,17.0
86315,,0.0,-1.0,2.0,0.0,2.0,0.0,0.0,1.0,1.0,0.0,0.0,1.0,0.0,1.0,1.0,5.0,1.0,0.0,7.0,0.0,0.0,0.0,8.0,5.0,2.0,8.0,3.0,4.0,1.0,3.0
86320,,0.0,0.0,0.0,0.0,0.0,0.0,0.0,0.0,0.0,0.0,0.0,0.0,0.0,0.0,0.0,0.0,0.0,0.0,0.0,0.0,0.0,0.0,0.0,3.0,0.0,0.0,2.0,0.0,0.0,0.0
86321,,0.0,0.0,0.0,0.0,0.0,0.0,1.0,0.0,1.0,0.0,0.0,0.0,0.0,0.0,0.0,2.0,1.0,0.0,3.0,0.0,0.0,0.0,1.0,1.0,0.0,2.0,1.0,4.0,0.0,0.0
86322,,2.0,1.0,5.0,0.0,2.0,4.0,8.0,3.0,2.0,0.0,0.0,15.0,2.0,5.0,0.0,18.0,0.0,0.0,11.0,0.0,0.0,0.0,29.0,21.0,5.0,6.0,11.0,14.0,11.0,11.0
86323,,0.0,0.0,0.0,0.0,0.0,1.0,0.0,2.0,1.0,0.0,0.0,3.0,1.0,0.0,0.0,2.0,0.0,0.0,4.0,0.0,0.0,0.0,12.0,6.0,4.0,11.0,3.0,5.0,3.0,5.0
86324,,2.0,0.0,0.0,0.0,0.0,-1.0,1.0,0.0,2.0,0.0,0.0,0.0,0.0,0.0,1.0,2.0,0.0,0.0,1.0,0.0,0.0,0.0,5.0,2.0,5.0,2.0,3.0,0.0,4.0,10.0
86325,,1.0,0.0,1.0,0.0,1.0,1.0,2.0,-1.0,6.0,-1.0,0.0,0.0,1.0,1.0,0.0,2.0,0.0,0.0,5.0,0.0,0.0,0.0,6.0,3.0,0.0,2.0,2.0,4.0,8.0,3.0
86326,,4.0,2.0,4.0,0.0,2.0,2.0,7.0,4.0,7.0,5.0,0.0,14.0,1.0,1.0,2.0,34.0,2.0,0.0,26.0,0.0,0.0,0.0,46.0,35.0,24.0,22.0,11.0,27.0,32.0,32.0
86327,,0.0,0.0,0.0,0.0,0.0,1.0,0.0,0.0,0.0,0.0,0.0,3.0,0.0,0.0,0.0,4.0,0.0,0.0,2.0,0.0,0.0,0.0,9.0,6.0,1.0,8.0,5.0,7.0,6.0,3.0
86329,,0.0,0.0,0.0,0.0,0.0,0.0,0.0,0.0,0.0,0.0,0.0,0.0,0.0,0.0,0.0,0.0,0.0,0.0,0.0,0.0,0.0,0.0,3.0,0.0,0.0,0.0,0.0,0.0,1.0,0.0
86331,,0.0,0.0,0.0,0.0,0.0,0.0,0.0,0.0,0.0,0.0,0.0,0.0,0.0,0.0,0.0,0.0,0.0,0.0,0.0,0.0,0.0,0.0,0.0,0.0,0.0,0.0,0.0,0.0,0.0,0.0
86332,,0.0,0.0,0.0,0.0,0.0,0.0,0.0,0.0,0.0,0.0,0.0,0.0,0.0,0.0,0.0,0.0,0.0,0.0,0.0,0.0,0.0,0.0,0.0,0.0,0.0,0.0,1.0,0.0,0.0,0.0
86333,,0.0,2.0,1.0,0.0,2.0,-1.0,1.0,1.0,0.0,0.0,0.0,-1.0,1.0,0.0,0.0,-1.0,0.0,0.0,2.0,0.0,0.0,0.0,3.0,0.0,1.0,-1.0,1.0,1.0,3.0,2.0
86334,,0.0,0.0,0.0,0.0,0.0,0.0,0.0,0.0,0.0,0.0,0.0,0.0,0.0,0.0,0.0,0.0,0.0,0.0,3.0,0.0,0.0,0.0,2.0,3.0,0.0,1.0,1.0,0.0,0.0,0.0
86335,,2.0,2.0,1.0,0.0,3.0,2.0,0.0,2.0,3.0,1.0,0.0,3.0,-1.0,0.0,0.0,8.0,0.0,0.0,4.0,0.0,0.0,0.0,4.0,1.0,1.0,1.0,1.0,4.0,5.0,4.0
86336,,1.0,2.0,3.0,0.0,6.0,1.0,1.0,0.0,0.0,0.0,0.0,6.0,-1.0,3.0,-1.0,17.0,0.0,0.0,6.0,0.0,0.0,0.0,9.0,10.0,1.0,9.0,6.0,14.0,6.0,11.0
86337,,0.0,0.0,0.0,0.0,0.0,0.0,0.0,0.0,0.0,0.0,0.0,0.0,0.0,0.0,0.0,0.0,0.0,0.0,0.0,0.0,0.0,0.0,0.0,0.0,0.0,0.0,0.0,0.0,0.0,0.0
86338,,0.0,0.0,0.0,0.0,0.0,0.0,0.0,0.0,0.0,0.0,0.0,0.0,0.0,0.0,0.0,0.0,0.0,0.0,0.0,0.0,0.0,0.0,0.0,0.0,0.0,0.0,0.0,0.0,0.0,0.0
86343,,0.0,0.0,0.0,0.0,0.0,0.0,0.0,0.0,0.0,0.0,0.0,0.0,0.0,0.0,0.0,0.0,0.0,0.0,0.0,0.0,0.0,0.0,0.0,0.0,0.0,0.0,0.0,0.0,0.0,0.0
86351,,-1.0,1.0,0.0,0.0,0.0,-1.0,0.0,0.0,0.0,0.0,0.0,2.0,0.0,0.0,0.0,3.0,0.0,0.0,3.0,0.0,0.0,0.0,9.0,3.0,3.0,3.0,1.0,5.0,3.0,2.0
86401,,-2.0,7.0,3.0,0.0,12.0,2.0,4.0,4.0,3.0,0.0,0.0,16.0,-1.0,9.0,5.0,14.0,3.0,3.0,16.0,0.0,3.0,0.0,36.0,8.0,8.0,11.0,23.0,16.0,6.0,0.0
86403,,3.0,2.0,-1.0,0.0,8.0,0.0,0.0,3.0,9.0,2.0,0.0,7.0,3.0,2.0,4.0,7.0,1.0,0.0,13.0,0.0,2.0,0.0,24.0,11.0,2.0,6.0,19.0,15.0,9.0,0.0
86404,,-1.0,1.0,0.0,0.0,5.0,2.0,4.0,1.0,6.0,0.0,0.0,9.0,0.0,3.0,4.0,7.0,1.0,0.0,11.0,0.0,6.0,0.0,8.0,4.0,5.0,8.0,16.0,9.0,3.0,0.0
86406,,3.0,7.0,2.0,0.0,3.0,3.0,1.0,3.0,5.0,2.0,0.0,12.0,0.0,5.0,6.0,18.0,3.0,0.0,16.0,0.0,2.0,0.0,35.0,8.0,5.0,6.0,26.0,9.0,5.0,0.0
86409,,5.0,1.0,3.0,0.0,6.0,1.0,4.0,2.0,5.0,0.0,0.0,9.0,5.0,2.0,10.0,3.0,4.0,0.0,17.0,0.0,3.0,0.0,39.0,14.0,3.0,6.0,35.0,14.0,13.0,2.0
86411,,0.0,0.0,0.0,0.0,0.0,0.0,0.0,0.0,0.0,0.0,0.0,0.0,0.0,0.0,0.0,0.0,0.0,0.0,0.0,0.0,0.0,0.0,0.0,0.0,0.0,0.0,0.0,0.0,0.0,0.0
86413,,0.0,1.0,-1.0,0.0,0.0,-1.0,2.0,2.0,4.0,0.0,0.0,4.0,2.0,2.0,2.0,3.0,2.0,0.0,4.0,0.0,0.0,0.0,11.0,5.0,2.0,2.0,9.0,3.0,-1.0,0.0
86426,,1.0,1.0,1.0,0.0,-1.0,1.0,2.0,1.0,2.0,0.0,0.0,6.0,0.0,4.0,4.0,4.0,2.0,0.0,9.0,0.0,0.0,0.0,10.0,12.0,9.0,5.0,3.0,12.0,7.0,0.0
86429,,2.0,0.0,0.0,0.0,1.0,2.0,0.0,0.0,1.0,0.0,0.0,6.0,3.0,1.0,1.0,0.0,0.0,0.0,1.0,0.0,0.0,0.0,3.0,3.0,0.0,0.0,0.0,1.0,1.0,0.0
86432,,0.0,0.0,0.0,0.0,0.0,4.0,0.0,0.0,3.0,3.0,0.0,1.0,3.0,0.0,2.0,1.0,0.0,0.0,0.0,0.0,0.0,0.0,0.0,0.0,2.0,0.0,2.0,0.0,1.0,0.0
86433,,0.0,0.0,0.0,0.0,0.0,0.0,0.0,0.0,0.0,0.0,0.0,0.0,0.0,0.0,0.0,0.0,0.0,0.0,0.0,0.0,0.0,0.0,0.0,0.0,0.0,0.0,0.0,0.0,0.0,0.0
86434,,0.0,0.0,0.0,0.0,0.0,0.0,0.0,0.0,0.0,0.0,0.0,0.0,0.0,0.0,0.0,0.0,0.0,0.0,0.0,0.0,0.0,0.0,0.0,0.0,0.0,0.0,0.0,0.0,0.0,0.0
86434,,0.0,0.0,0.0,0.0,0.0,0.0,0.0,0.0,0.0,0.0,0.0,0.0,0.0,0.0,0.0,0.0,0.0,0.0,0.0,0.0,0.0,0.0,0.0,0.0,0.0,0.0,0.0,0.0,0.0,0.0
86435,,0.0,0.0,0.0,0.0,0.0,0.0,0.0,0.0,0.0,0.0,0.0,0.0,0.0,0.0,0.0,0.0,0.0,0.0,0.0,0.0,0.0,0.0,0.0,0.0,0.0,0.0,0.0,0.0,0.0,0.0
86435,,0.0,0.0,0.0,0.0,0.0,0.0,0.0,0.0,0.0,0.0,0.0,0.0,0.0,0.0,0.0,0.0,0.0,0.0,0.0,0.0,0.0,0.0,0.0,0.0,0.0,0.0,0.0,0.0,0.0,0.0
86436,,0.0,0.0,0.0,0.0,0.0,0.0,0.0,0.0,0.0,0.0,0.0,0.0,0.0,0.0,0.0,0.0,0.0,0.0,0.0,0.0,0.0,0.0,0.0,0.0,0.0,0.0,0.0,1.0,0.0,0.0
86437,,0.0,0.0,0.0,0.0,0.0,0.0,0.0,0.0,0.0,0.0,0.0,0.0,0.0,0.0,0.0,0.0,0.0,0.0,0.0,0.0,0.0,0.0,0.0,0.0,0.0,0.0,0.0,0.0,0.0,0.0
86438,,0.0,0.0,0.0,0.0,0.0,0.0,0.0,0.0,0.0,0.0,0.0,0.0,0.0,0.0,0.0,0.0,0.0,0.0,0.0,0.0,0.0,0.0,0.0,0.0,0.0,0.0,0.0,0.0,0.0,0.0
86440,,1.0,2.0,0.0,0.0,2.0,2.0,2.0,0.0,-1.0,1.0,0.0,0.0,-2.0,7.0,0.0,7.0,1.0,0.0,4.0,0.0,0.0,0.0,6.0,6.0,2.0,2.0,0.0,3.0,1.0,0.0
86441,,0.0,0.0,0.0,0.0,0.0,0.0,0.0,0.0,0.0,1.0,0.0,0.0,0.0,0.0,0.0,0.0,0.0,0.0,1.0,0.0,0.0,0.0,0.0,0.0,0.0,0.0,1.0,0.0,0.0,0.0
86442,,2.0,-1.0,1.0,0.0,5.0,8.0,9.0,6.0,9.0,4.0,0.0,14.0,2.0,11.0,11.0,9.0,5.0,0.0,29.0,0.0,2.0,0.0,33.0,31.0,24.0,13.0,16.0,28.0,6.0,0.0
86443,,0.0,0.0,0.0,0.0,0.0,0.0,0.0,0.0,0.0,0.0,0.0,0.0,0.0,0.0,0.0,0.0,0.0,0.0,0.0,0.0,0.0,0.0,0.0,0.0,0.0,0.0,0.0,0.0,0.0,0.0
86444,,0.0,0.0,0.0,0.0,0.0,0.0,0.0,0.0,0.0,0.0,0.0,0.0,0.0,0.0,0.0,0.0,0.0,0.0,0.0,0.0,0.0,0.0,0.0,0.0,0.0,0.0,0.0,0.0,0.0,0.0
86445,,0.0,0.0,0.0,0.0,0.0,0.0,0.0,0.0,0.0,0.0,0.0,0.0,0.0,0.0,0.0,0.0,0.0,0.0,0.0,0.0,0.0,0.0,0.0,0.0,0.0,0.0,0.0,0.0,0.0,0.0
86502,,0.0,0.0,4.0,0.0,0.0,0.0,0.0,1.0,0.0,0.0,0.0,2.0,1.0,2.0,1.0,0.0,0.0,0.0,2.0,0.0,0.0,0.0,6.0,8.0,0.0,2.0,9.0,8.0,0.0,0.0
86502,,0.0,0.0,0.0,0.0,0.0,0.0,0.0,0.0,0.0,0.0,0.0,0.0,0.0,0.0,0.0,0.0,0.0,0.0,0.0,0.0,0.0,0.0,0.0,0.0,0.0,0.0,0.0,0.0,0.0,0.0
86503,,0.0,0.0,0.0,0.0,0.0,0.0,0.0,0.0,0.0,0.0,0.0,0.0,0.0,0.0,0.0,0.0,0.0,0.0,0.0,0.0,0.0,0.0,0.0,0.0,0.0,0.0,0.0,0.0,0.0,0.0
86503,,0.0,0.0,0.0,0.0,0.0,0.0,0.0,0.0,0.0,0.0,0.0,0.0,0.0,0.0,0.0,0.0,0.0,0.0,0.0,0.0,0.0,0.0,0.0,0.0,0.0,0.0,0.0,0.0,0.0,0.0
86505,,0.0,0.0,0.0,0.0,0.0,0.0,0.0,0.0,0.0,0.0,0.0,0.0,0.0,0.0,1.0,0.0,0.0,0.0,2.0,0.0,1.0,0.0,1.0,2.0,4.0,0.0,3.0,0.0,-1.0,0.0
86505,,0.0,0.0,0.0,0.0,0.0,0.0,0.0,0.0,0.0,0.0,0.0,0.0,0.0,0.0,0.0,0.0,0.0,0.0,0.0,0.0,0.0,0.0,0.0,0.0,0.0,0.0,0.0,0.0,0.0,0.0
86507,,0.0,0.0,0.0,0.0,0.0,0.0,0.0,0.0,0.0,0.0,0.0,0.0,0.0,0.0,0.0,0.0,0.0,0.0,0.0,0.0,0.0,0.0,0.0,0.0,0.0,0.0,0.0,0.0,0.0,0.0
86507,,0.0,0.0,0.0,0.0,0.0,0.0,0.0,0.0,0.0,0.0,0.0,0.0,0.0,0.0,0.0,0.0,0.0,0.0,0.0,0.0,0.0,0.0,0.0,0.0,0.0,0.0,0.0,0.0,0.0,0.0
86510,,0.0,0.0,0.0,0.0,0.0,0.0,0.0,0.0,0.0,0.0,0.0,0.0,0.0,0.0,0.0,0.0,0.0,0.0,0.0,0.0,0.0,0.0,0.0,0.0,0.0,0.0,0.0,0.0,0.0,0.0
86511,,0.0,0.0,0.0,0.0,0.0,0.0,0.0,0.0,0.0,0.0,0.0,0.0,0.0,0.0,0.0,0.0,0.0,0.0,0.0,0.0,0.0,0.0,0.0,0.0,0.0,0.0,0.0,0.0,0.0,0.0
86511,,0.0,0.0,0.0,0.0,0.0,0.0,0.0,0.0,0.0,0.0,0.0,0.0,0.0,0.0,0.0,0.0,0.0,0.0,0.0,0.0,0.0,0.0,0.0,0.0,0.0,0.0,0.0,0.0,0.0,0.0
86514,,0.0,0.0,0.0,0.0,0.0,0.0,0.0,0.0,0.0,0.0,0.0,0.0,0.0,0.0,0.0,0.0,0.0,0.0,0.0,0.0,0.0,0.0,0.0,0.0,0.0,0.0,0.0,0.0,0.0,0.0
86514,,0.0,0.0,0.0,0.0,0.0,0.0,0.0,0.0,0.0,0.0,0.0,0.0,0.0,0.0,0.0,0.0,0.0,0.0,0.0,0.0,0.0,0.0,0.0,0.0,0.0,0.0,0.0,0.0,0.0,0.0
86515,,0.0,0.0,0.0,0.0,0.0,0.0,0.0,0.0,0.0,0.0,0.0,0.0,0.0,0.0,0.0,0.0,0.0,0.0,0.0,0.0,0.0,0.0,0.0,0.0,0.0,0.0,0.0,0.0,0.0,0.0
86515,,0.0,0.0,0.0,0.0,0.0,0.0,0.0,0.0,0.0,0.0,0.0,0.0,0.0,0.0,0.0,0.0,0.0,0.0,0.0,0.0,0.0,0.0,0.0,0.0,0.0,0.0,0.0,0.0,0.0,0.0
86538,,0.0,0.0,0.0,0.0,0.0,0.0,0.0,0.0,0.0,0.0,0.0,0.0,0.0,0.0,0.0,0.0,0.0,0.0,0.0,0.0,0.0,0.0,0.0,0.0,0.0,0.0,0.0,0.0,0.0,0.0
86556,,0.0,0.0,0.0,0.0,0.0,0.0,0.0,0.0,0.0,0.0,0.0,0.0,0.0,0.0,0.0,0.0,0.0,0.0,0.0,0.0,0.0,0.0,0.0,0.0,0.0,0.0,0.0,0.0,0.0,0.0
