,ZipCode,2020-10-22,2020-10-23,2020-10-24,2020-10-25,2020-10-26,2020-10-27,2020-10-28,2020-10-29,2020-10-30,2020-10-31,2020-11-01,2020-11-02,2020-11-03,2020-11-04,2020-11-05,2020-11-06,2020-11-07,2020-11-08,2020-11-09,2020-11-10,2020-11-11
0,85003,428,432,435,440,440,443,443,445,450,450,454,454,461,461,464,467,467,469,469,476,476
1,85004,366,366,368,371,371,379,380,382,384,387,387,387,387,388,389,392,399,400,401,413,413
2,85006,1215,1212,1226,1236,1236,1253,1258,1265,1269,1279,1286,1286,1288,1285,1288,1292,1300,1305,1306,1330,1330
3,85007,1090,1092,1105,1111,1111,1120,1125,1130,1158,1166,1172,1172,1169,1172,1180,1196,1218,1226,1227,1236,1236
4,85008,3579,3579,3582,3609,3609,3614,3620,3631,3649,3668,3702,3702,3717,3720,3729,3758,3781,3799,3804,3858,3858
5,85009,5444,5475,5516,5549,5549,5645,5638,5667,5702,5781,5807,5807,5880,5883,5950,5985,6063,6116,6140,6268,6268
6,85012,534,539,538,541,541,541,541,542,541,543,545,545,543,542,546,547,547,552,554,557,557
7,85013,804,806,808,810,810,815,816,821,823,828,832,832,841,841,844,854,859,864,865,880,880
8,85014,1134,1145,1141,1143,1143,1152,1157,1164,1168,1180,1185,1185,1187,1193,1199,1212,1223,1238,1225,1239,1239
9,85015,1975,1975,1976,1981,1981,1993,1994,1995,1994,2002,2016,2016,2027,2029,2038,2058,2069,2077,2078,2103,2103
10,85016,1636,1635,1640,1653,1653,1663,1661,1659,1670,1675,1692,1692,1711,1713,1722,1732,1742,1754,1761,1805,1805
11,85017,2079,2087,2093,2108,2108,2124,2126,2129,2142,2149,2161,2161,2171,2178,2196,2226,2245,2269,2273,2310,2310
12,85018,1378,1384,1388,1392,1392,1403,1411,1415,1427,1432,1436,1436,1444,1451,1456,1463,1474,1478,1480,1500,1500
13,85019,1538,1540,1548,1551,1551,1563,1570,1575,1583,1587,1597,1597,1606,1606,1617,1622,1633,1640,1640,1653,1653
14,85020,1149,1155,1157,1163,1163,1164,1168,1171,1179,1186,1198,1198,1206,1210,1222,1230,1235,1246,1247,1272,1272
15,85021,1770,1775,1781,1790,1790,1802,1803,1813,1824,1827,1831,1831,1840,1844,1851,1858,1868,1873,1878,1898,1898
16,85022,1194,1196,1200,1206,1206,1228,1232,1232,1245,1261,1271,1271,1275,1276,1284,1287,1293,1304,1309,1332,1332
17,85023,955,957,960,967,967,973,979,986,994,996,1010,1010,1019,1020,1022,1027,1037,1043,1043,1068,1068
18,85024,631,635,634,639,639,641,642,645,651,657,656,656,656,657,662,670,672,677,677,686,686
19,85027,971,974,975,982,982,990,994,998,1012,1015,1025,1025,1033,1037,1047,1055,1060,1066,1072,1090,1090
20,85028,425,428,429,429,429,431,432,432,434,436,436,436,438,440,443,451,456,456,456,463,463
21,85029,1697,1697,1700,1710,1710,1717,1726,1731,1738,1744,1760,1760,1772,1779,1789,1800,1812,1822,1823,1848,1848
22,85031,2139,2146,2152,2172,2172,2180,2186,2189,2203,2207,2218,2218,2240,2244,2259,2267,2275,2276,2278,2290,2290
23,85032,2251,2258,2263,2270,2270,2292,2300,2310,2322,2341,2358,2358,2377,2388,2404,2433,2456,2481,2486,2534,2534
24,85033,3735,3739,3748,3770,3770,3782,3789,3802,3818,3829,3838,3838,3847,3852,3876,3888,3911,3930,3932,3975,3975
25,85034,418,419,421,422,422,427,429,429,431,430,434,434,434,433,438,442,447,448,448,458,458
26,85035,3390,3394,3398,3419,3419,3439,3442,3448,3471,3487,3500,3500,3518,3524,3540,3565,3586,3605,3610,3652,3652
27,85037,2934,2940,2948,2968,2968,2987,2997,3017,3032,3052,3076,3076,3091,3098,3117,3141,3151,3162,3168,3208,3208
28,85040,1743,1752,1756,1758,1758,1775,1779,1781,1787,1791,1798,1798,1800,1801,1806,1815,1824,1829,1832,1855,1855
29,85041,3425,3429,3442,3467,3467,3493,3497,3512,3517,3531,3545,3545,3557,3564,3591,3613,3629,3641,3642,3689,3689
30,85042,2022,2029,2035,2048,2048,2056,2060,2067,2077,2081,2094,2094,2105,2105,2115,2128,2142,2149,2150,2176,2176
31,85043,2053,2058,2062,2068,2068,2080,2095,2102,2108,2125,2134,2134,2144,2143,2147,2167,2177,2187,2189,2231,2231
32,85044,915,923,925,928,928,940,942,943,957,964,969,969,980,981,984,992,1001,1011,1017,1049,1049
33,85045,140,140,141,144,144,146,146,145,146,148,149,149,150,149,150,151,154,155,155,158,158
34,85048,778,781,784,787,787,792,798,804,808,813,819,819,838,841,849,856,874,883,884,898,898
35,85050,674,674,678,684,684,690,691,696,708,720,724,724,734,734,737,740,746,750,751,763,763
36,85051,1914,1916,1919,1926,1926,1933,1939,1941,1945,1961,1972,1972,1985,1992,2002,2011,2029,2032,2033,2055,2055
37,85053,863,869,869,877,877,882,886,893,903,910,914,914,923,922,927,937,945,951,952,975,975
38,85054,204,204,207,207,207,209,209,212,212,215,219,219,222,222,230,234,235,237,237,241,241
39,85083,462,468,473,478,478,488,487,490,493,497,499,499,508,509,520,524,526,533,535,556,556
40,85085,548,551,552,553,553,553,554,558,567,579,581,581,588,587,597,606,610,615,616,629,629
41,85086,768,772,775,785,785,789,792,799,807,824,828,828,835,846,853,856,860,866,869,883,883
42,85087,135,136,136,138,138,140,140,141,146,148,150,150,153,153,158,160,162,163,163,167,167
43,85118,181,182,181,181,181,187,191,193,193,201,201,201,202,202,205,207,221,221,224,230,230
44,85119,392,398,398,398,398,405,407,410,408,415,418,418,424,430,442,443,454,455,459,475,475
45,85120,674,676,676,678,678,682,696,704,705,712,712,712,724,728,739,739,760,765,771,796,796
46,85121,0,0,0,0,0,0,0,0,0,0,0,0,0,0,0,0,0,0,0,0,0
47,85121 Tribal,Data Suppressed,Data Suppressed,Data Suppressed,Data Suppressed,Data Suppressed,Data Suppressed,Data Suppressed,Data Suppressed,Data Suppressed,Data Suppressed,Data Suppressed,Data Suppressed,Data Suppressed,Data Suppressed,Data Suppressed,Data Suppressed,Data Suppressed,Data Suppressed,Data Suppressed,Data Suppressed,Data Suppressed
48,85122,1878,1890,1897,1898,1898,1918,1924,1934,1935,1947,1952,1952,1977,1983,2004,2007,2053,2054,2066,2099,2099
49,85123,302,302,303,305,305,304,306,307,307,310,311,311,313,314,316,316,319,319,319,322,322
50,85128,603,608,608,608,608,612,618,623,623,627,636,636,646,647,655,656,670,672,675,698,698
51,85131,1465,1467,1474,1485,1485,1490,1491,1492,1491,1509,1513,1513,1519,1521,1524,1529,1534,1534,1536,1551,1551
52,85132,1484,1493,1496,1495,1495,1498,1508,1515,1516,1526,1531,1531,1534,1538,1537,1536,1554,1558,1559,1570,1570
53,85135,11,11,11,11,11,11,11,11,11,11,11,11,11,11,11,11,11,11,11,11,11
54,85137,35,35,35,35,35,35,35,36,36,36,36,36,36,36,36,36,36,36,36,37,37
55,85138,1012,1018,1025,1025,1025,1056,1070,1080,1081,1101,1107,1107,1135,1145,1161,1163,1191,1193,1196,1218,1218
56,85139,398,400,402,403,403,411,416,420,421,426,430,430,436,438,443,444,453,454,460,464,464
57,85140,817,819,825,827,827,839,857,874,876,894,910,910,931,940,966,968,992,1000,1009,1060,1060
58,85141,16,16,16,16,16,16,16,16,16,16,16,16,16,16,16,16,16,16,16,17,17
59,85142,1622,1632,1644,1645,1645,1680,1686,1708,1713,1749,1760,1760,1800,1817,1858,1861,1921,1941,1954,2008,2008
60,85143,769,770,777,776,776,796,800,814,814,825,828,828,840,841,852,854,874,879,882,918,918
61,85145,26,26,26,26,26,26,26,26,26,26,26,26,27,26,26,26,28,28,28,30,30
62,85147,0,0,0,0,0,0,0,0,0,0,0,0,0,0,0,0,0,0,0,0,0
63,85147 Tribal,Data Suppressed,Data Suppressed,Data Suppressed,Data Suppressed,Data Suppressed,Data Suppressed,Data Suppressed,Data Suppressed,Data Suppressed,Data Suppressed,Data Suppressed,Data Suppressed,Data Suppressed,Data Suppressed,Data Suppressed,Data Suppressed,Data Suppressed,Data Suppressed,Data Suppressed,Data Suppressed,Data Suppressed
64,85172,71,73,73,73,73,73,74,74,74,76,78,78,79,79,81,81,82,82,83,83,83
65,85173,79,79,80,80,80,81,81,82,82,84,84,84,86,86,86,86,88,88,88,88,88
66,85190,0,0,0,0,0,0,0,0,0,0,0,0,0,0,0,0,0,0,0,0,0
67,85191,12,12,12,12,12,12,12,12,12,12,12,12,12,12,12,12,12,12,12,12,12
68,85192,34,34,34,34,34,34,35,35,35,35,35,35,35,35,35,35,35,35,35,35,35
69,85193,134,135,136,136,136,141,141,141,141,146,146,146,146,147,157,157,161,161,161,162,162
70,85194,134,134,134,134,134,135,138,138,138,140,141,141,144,145,147,146,149,149,150,154,154
71,85201,1839,1845,1857,1871,1871,1879,1887,1905,1913,1920,1928,1928,1941,1947,1957,1972,1996,2013,2015,2064,2064
72,85202,1623,1631,1638,1650,1650,1667,1676,1694,1695,1719,1732,1732,1751,1760,1780,1793,1805,1826,1828,1912,1912
73,85203,1203,1207,1213,1223,1223,1235,1239,1250,1258,1264,1268,1268,1285,1289,1314,1328,1339,1355,1357,1384,1384
74,85204,2544,2554,2566,2583,2583,2612,2618,2626,2647,2663,2668,2668,2681,2690,2711,2727,2761,2775,2776,2842,2842
75,85205,919,926,935,943,943,955,958,959,967,972,987,987,1005,1011,1030,1046,1061,1070,1071,1099,1099
76,85206,1553,1564,1569,1579,1579,1625,1621,1630,1655,1659,1669,1669,1674,1689,1707,1716,1739,1747,1749,1781,1781
77,85207,981,982,989,995,995,1024,1032,1043,1052,1064,1074,1074,1083,1085,1097,1124,1132,1148,1147,1185,1185
78,85208,904,907,913,925,925,937,938,948,957,969,975,975,981,985,996,1003,1022,1032,1033,1055,1055
79,85209,1132,1137,1142,1146,1146,1156,1158,1171,1179,1184,1200,1200,1216,1223,1240,1259,1271,1280,1280,1308,1308
80,85210,1521,1532,1537,1546,1546,1553,1565,1570,1582,1589,1602,1602,1618,1618,1636,1647,1661,1672,1673,1703,1703
81,85212,987,991,993,1001,1001,1013,1018,1022,1027,1037,1046,1046,1061,1066,1093,1106,1122,1131,1133,1169,1169
82,85213,817,831,837,837,837,843,848,855,871,875,886,886,897,900,912,927,943,953,954,983,983
83,85215,303,308,310,313,313,318,320,321,325,330,334,334,340,341,345,349,353,364,366,375,375
84,85224,1510,1515,1521,1528,1528,1537,1539,1546,1553,1568,1584,1584,1599,1607,1633,1656,1670,1677,1679,1709,1709
85,85225,2538,2544,2553,2576,2576,2599,2611,2622,2635,2654,2690,2690,2728,2737,2764,2794,2818,2846,2847,2930,2930
86,85226,892,900,901,906,906,913,914,915,922,933,941,941,956,958,962,969,978,990,990,1010,1010
87,85233,982,984,986,992,992,1004,1006,1016,1020,1023,1035,1035,1045,1046,1064,1071,1082,1088,1089,1120,1120
88,85234,1286,1294,1298,1321,1321,1335,1340,1346,1366,1388,1405,1405,1420,1429,1440,1456,1474,1481,1484,1532,1532
89,85248,813,819,819,822,822,827,828,833,836,841,840,840,853,851,856,860,866,873,873,902,902
90,85249,844,853,854,869,869,882,889,892,905,912,921,921,934,939,951,964,982,997,998,1021,1021
91,85250,372,376,376,382,382,384,385,390,394,399,401,401,405,406,406,410,416,417,419,430,430
92,85251,1587,1593,1591,1606,1606,1614,1618,1632,1637,1658,1670,1670,1701,1704,1716,1751,1779,1796,1804,1835,1835
93,85253,507,507,511,515,515,518,527,529,533,540,543,543,544,545,548,555,556,559,559,565,565
94,85254,1064,1066,1070,1082,1082,1090,1094,1102,1106,1120,1131,1131,1143,1152,1168,1182,1201,1208,1208,1233,1233
95,85255,1087,1092,1093,1102,1102,1118,1118,1129,1135,1142,1154,1154,1174,1175,1180,1182,1201,1209,1211,1233,1233
96,85256,430,438,442,441,441,443,444,444,445,448,448,448,451,452,455,456,462,462,462,467,467
97,85257,1184,1185,1192,1198,1198,1209,1207,1215,1224,1240,1244,1244,1250,1253,1259,1271,1278,1287,1287,1311,1311
98,85258,550,554,556,564,564,572,571,577,585,596,593,593,606,605,612,621,627,635,641,671,671
99,85259,448,451,450,453,453,456,458,462,465,471,477,477,484,485,487,490,494,498,499,507,507
100,85260,1029,1035,1039,1045,1045,1051,1056,1061,1066,1080,1092,1092,1103,1107,1119,1126,1142,1153,1154,1175,1175
101,85262,169,169,169,171,171,171,172,173,175,176,179,179,181,181,183,187,191,194,194,197,197
102,85263,23,23,23,23,23,23,23,23,23,23,23,23,23,23,24,26,28,30,30,32,32
103,85264,50,51,51,51,51,51,51,50,50,50,52,52,52,52,52,53,54,54,54,54,54
104,85266,206,207,207,207,207,209,209,210,210,211,212,212,214,215,216,218,221,222,222,227,227
105,85268,292,292,294,295,295,295,295,297,303,309,312,312,318,318,324,333,335,337,337,340,340
106,85281,2973,2987,2989,2998,2998,3006,3010,3026,3033,3043,3067,3067,3083,3082,3137,3183,3193,3222,3249,3322,3322
107,85282,1838,1846,1850,1863,1863,1878,1880,1893,1900,1914,1931,1931,1951,1956,1980,2002,2016,2030,2033,2062,2062
108,85283,1550,1557,1560,1562,1562,1572,1576,1588,1593,1602,1609,1609,1620,1623,1636,1645,1651,1659,1661,1689,1689
109,85284,313,315,316,318,318,322,324,324,329,332,334,334,339,341,346,357,364,366,367,374,374
110,85286,1106,1111,1121,1140,1140,1150,1158,1168,1178,1190,1198,1198,1206,1219,1228,1240,1248,1259,1260,1294,1294
111,85287,83,83,83,83,83,83,83,84,84,84,84,84,84,84,84,84,86,87,88,88,88
112,85295,1087,1096,1101,1113,1113,1129,1139,1146,1157,1175,1188,1188,1205,1214,1235,1260,1275,1297,1299,1344,1344
113,85296,1097,1110,1114,1132,1132,1156,1160,1168,1181,1191,1202,1202,1219,1225,1241,1260,1278,1302,1303,1367,1367
114,85297,700,708,709,718,718,731,734,734,740,750,763,763,783,789,817,839,859,871,872,903,903
115,85298,678,681,685,691,691,701,706,713,724,735,742,742,754,763,782,799,821,832,833,868,868
116,85301,3184,3199,3210,3229,3229,3250,3254,3256,3272,3298,3311,3311,3325,3340,3360,3374,3396,3412,3413,3443,3443
117,85302,1655,1661,1666,1678,1678,1682,1680,1684,1690,1699,1709,1709,1715,1715,1721,1732,1741,1755,1758,1777,1777
118,85303,1931,1935,1936,1947,1947,1962,1970,1977,1983,1996,2008,2008,2018,2025,2036,2046,2056,2068,2070,2104,2104
119,85304,844,846,853,858,858,862,864,866,881,881,888,888,892,897,901,911,919,925,925,929,929
120,85305,762,765,768,773,773,776,777,780,785,790,793,793,801,800,800,808,811,821,822,832,832
121,85306,754,754,754,757,757,762,764,770,773,779,781,781,790,793,799,802,804,810,811,814,814
122,85307,340,344,344,348,348,347,349,351,353,354,358,358,358,361,367,368,370,372,372,376,376
123,85308,1565,1576,1583,1595,1595,1622,1630,1638,1649,1660,1682,1682,1707,1711,1733,1747,1761,1778,1780,1816,1816
124,85309,99,99,104,104,104,104,105,105,108,108,108,108,107,108,107,112,115,116,116,131,131
125,85310,428,434,434,438,438,443,444,443,447,454,459,459,464,463,469,476,480,484,484,501,501
126,85320,66,66,66,66,66,66,66,67,68,67,67,67,67,67,67,67,67,67,67,68,68
127,85321,124,124,124,125,125,126,134,133,133,134,134,134,136,138,139,141,144,144,144,144,144
128,85322,18,18,18,18,18,18,18,18,18,18,18,18,18,18,18,18,18,18,18,18,18
129,85323,2207,2218,2223,2246,2246,2277,2284,2284,2297,2308,2317,2317,2328,2331,2350,2356,2370,2387,2387,2420,2420
130,85324,32,32,33,33,33,33,33,33,33,33,33,33,34,34,34,34,36,35,35,36,36
131,85325,0,0,0,0,0,0,0,0,0,0,0,0,0,0,0,0,0,0,0,0,0
132,85326,2502,2503,2508,2519,2519,2535,2536,2548,2570,2582,2592,2592,2603,2605,2641,2653,2686,2703,2705,2741,2741
133,85328,1-10,1-10,1-10,1-10,1-10,1-10,1-10,1-10,1-10,1-10,1-10,1-10,1-10,1-10,1-10,1-10,1-10,1-10,1-10,1-10,1-10
134,85329,132,132,132,131,131,131,131,131,131,131,131,131,132,132,133,133,133,133,133,134,134
135,85331,552,555,555,558,558,561,564,568,571,578,583,583,598,598,604,612,616,623,623,643,643
136,85332,12,12,12,12,12,12,12,12,12,14,14,14,13,13,13,13,14,14,14,14,14
137,85333,1-10,1-10,1-10,1-10,1-10,1-10,1-10,1-10,1-10,1-10,1-10,1-10,1-10,1-10,1-10,1-10,1-10,1-10,1-10,1-10,1-10
138,85334,17,17,17,17,17,17,17,17,17,17,17,17,17,17,17,17,17,18,18,18,18
139,85335,1377,1376,1381,1393,1393,1402,1408,1418,1426,1430,1433,1433,1438,1445,1450,1457,1463,1470,1473,1488,1488
140,85336,454,470,483,489,489,490,490,491,492,493,495,495,497,495,510,508,510,515,515,525,525
141,85337,91,91,91,92,92,95,95,95,96,96,96,96,96,94,94,94,95,95,95,98,98
142,85338,1972,1980,1986,2003,2003,2021,2027,2052,2063,2068,2080,2080,2106,2111,2137,2148,2160,2183,2185,2232,2232
143,85339,2245,2250,2256,2268,2268,2289,2295,2312,2327,2337,2342,2342,2363,2365,2378,2391,2412,2422,2424,2466,2466
144,85340,936,943,944,949,949,956,962,968,976,981,992,992,1002,1004,1020,1023,1030,1039,1039,1057,1057
145,85341,1-10,1-10,1-10,1-10,1-10,1-10,1-10,1-10,1-10,1-10,1-10,1-10,1-10,1-10,1-10,1-10,1-10,1-10,1-10,1-10,1-10
146,85342,16,14,14,15,15,16,17,17,18,18,18,18,18,18,18,18,19,20,21,22,22
147,85343,1-10,1-10,1-10,1-10,1-10,1-10,1-10,1-10,1-10,1-10,1-10,1-10,1-10,1-10,1-10,1-10,1-10,1-10,1-10,1-10,1-10
148,85344,276,276,276,278,278,280,282,283,287,290,290,290,290,292,294,294,297,300,300,312,312
149,85344 Tribal,Data Suppressed,Data Suppressed,Data Suppressed,Data Suppressed,Data Suppressed,Data Suppressed,Data Suppressed,Data Suppressed,Data Suppressed,Data Suppressed,Data Suppressed,Data Suppressed,Data Suppressed,Data Suppressed,Data Suppressed,Data Suppressed,Data Suppressed,Data Suppressed,Data Suppressed,Data Suppressed,Data Suppressed
150,85345,2234,2238,2238,2247,2247,2254,2258,2265,2279,2293,2318,2318,2337,2339,2350,2362,2377,2387,2390,2420,2420
151,85346,25,25,25,25,25,25,26,26,26,26,26,26,27,27,27,27,27,27,27,27,27
152,85347,15,15,15,15,15,15,15,15,15,15,15,15,15,15,15,15,15,16,16,16,16
153,85348,25,25,25,25,25,25,25,25,25,25,25,25,26,26,26,27,27,27,28,30,30
154,85349,691,696,699,708,708,708,708,712,709,713,718,718,717,717,723,728,727,731,731,757,757
155,85350,4314,4340,4351,4385,4385,4409,4413,4430,4441,4480,4506,4506,4551,4554,4582,4594,4640,4682,4685,4784,4784
156,85351,510,514,515,518,518,527,527,527,530,532,533,533,544,547,548,549,554,558,560,566,566
157,85352,20,20,20,20,20,20,20,20,20,19,19,19,19,19,19,19,19,19,19,19,19
158,85353,2593,2607,2618,2631,2631,2652,2663,2687,2714,2733,2748,2748,2766,2771,2802,2818,2847,2872,2872,2951,2951
159,85354,174,174,173,176,176,176,176,176,176,178,179,179,180,180,182,182,185,185,186,187,187
160,85355,311,313,317,322,322,324,325,326,328,331,335,335,339,338,341,342,344,346,346,350,350
161,85356,158,158,160,160,160,163,163,163,165,167,167,167,167,168,170,170,173,175,175,176,176
162,85357,0,0,0,0,0,0,0,0,0,0,0,0,0,0,0,0,0,0,0,0,0
163,85360,0,0,0,0,0,0,0,0,0,0,0,0,0,0,0,0,0,0,0,0,0
164,85361,178,178,180,182,182,183,183,184,186,186,186,186,187,188,187,191,193,196,196,197,197
165,85362,1-10,1-10,1-10,1-10,1-10,1-10,1-10,1-10,1-10,1-10,1-10,1-10,1-10,1-10,1-10,1-10,1-10,1-10,1-10,1-10,1-10
166,85363,338,338,338,341,341,341,341,341,339,339,339,339,338,338,338,341,344,348,348,356,356
167,85364,4910,4932,4952,4975,4975,5012,5021,5032,5051,5099,5119,5119,5140,5158,5182,5207,5238,5282,5295,5398,5398
168,85365,2162,2172,2180,2188,2188,2202,2207,2217,2243,2278,2287,2287,2294,2301,2333,2340,2355,2389,2394,2447,2447
169,85367,534,536,538,540,540,543,545,545,548,555,556,556,559,562,575,575,580,581,584,600,600
170,85373,330,336,339,342,342,344,344,350,350,353,356,356,366,366,370,374,380,385,387,398,398
171,85374,836,850,852,856,856,860,866,869,880,886,890,890,895,897,901,903,912,916,916,935,935
172,85375,417,420,420,424,424,429,431,432,435,435,438,438,440,444,450,456,458,459,458,457,457
173,85377,45,43,43,44,44,43,43,43,44,45,46,46,48,48,49,50,50,50,50,51,51
174,85378,310,310,312,314,314,315,318,320,321,323,326,326,329,331,335,338,343,345,345,345,345
175,85379,1213,1214,1217,1232,1232,1243,1247,1252,1265,1266,1278,1278,1298,1308,1326,1337,1348,1355,1356,1367,1367
176,85381,819,826,826,831,831,837,840,840,846,851,852,852,867,871,876,881,890,894,895,908,908
177,85382,1019,1021,1025,1036,1036,1044,1046,1056,1059,1064,1071,1071,1077,1082,1089,1098,1107,1112,1116,1135,1135
178,85383,1266,1279,1288,1296,1296,1308,1319,1329,1339,1354,1366,1366,1386,1398,1409,1424,1439,1455,1458,1484,1484
179,85387,308,312,313,314,314,315,317,316,319,319,320,320,324,328,340,343,353,355,356,373,373
180,85388,722,726,731,738,738,748,745,757,766,772,775,775,779,783,800,805,810,816,817,827,827
181,85390,112,112,112,113,113,114,114,113,114,115,116,116,117,118,120,121,121,121,121,122,122
182,85392,1691,1699,1707,1710,1710,1721,1729,1734,1751,1758,1764,1764,1775,1778,1791,1796,1803,1815,1816,1847,1847
183,85395,1082,1086,1089,1097,1097,1108,1124,1128,1136,1141,1143,1143,1156,1167,1181,1186,1194,1205,1208,1238,1238
184,85396,706,710,711,718,718,727,734,737,745,750,753,753,760,762,769,780,795,804,805,835,835
185,85501,295,300,301,302,302,309,303,303,302,312,314,314,319,325,332,333,338,342,342,351,351
186,85530,0,0,0,0,0,0,0,0,0,0,0,0,0,0,0,0,0,0,0,0,0
187,85531,0,0,0,0,0,0,0,0,0,0,0,0,0,0,0,0,0,1-10,1-10,1-10,1-10
188,85532,1-10,1-10,1-10,1-10,1-10,1-10,1-10,1-10,1-10,1-10,1-10,1-10,1-10,1-10,1-10,1-10,1-10,1-10,1-10,1-10,1-10
189,85533,28,33,33,33,33,33,33,33,33,34,33,33,32,34,34,35,37,38,38,40,40
190,85534,1-10,1-10,1-10,1-10,1-10,1-10,1-10,1-10,1-10,1-10,1-10,1-10,1-10,1-10,1-10,1-10,1-10,11,11,11,11
191,85536,1-10,1-10,1-10,1-10,1-10,1-10,1-10,1-10,1-10,1-10,1-10,1-10,1-10,1-10,1-10,1-10,1-10,1-10,1-10,1-10,1-10
192,85539,85,86,87,87,87,87,89,92,93,93,93,93,95,94,97,99,98,99,99,100,100
193,85540,49,60,60,59,59,60,60,60,60,60,63,63,64,64,64,64,64,68,68,70,70
194,85541,406,407,412,414,414,415,415,417,419,422,422,422,426,427,430,432,433,433,433,439,439
195,85542,49,56,52,51,51,52,59,56,61,60,66,66,82,79,84,87,96,101,101,113,113
196,85542 Tribal,Data Suppressed,Data Suppressed,Data Suppressed,Data Suppressed,Data Suppressed,Data Suppressed,Data Suppressed,Data Suppressed,Data Suppressed,Data Suppressed,Data Suppressed,Data Suppressed,Data Suppressed,Data Suppressed,Data Suppressed,Data Suppressed,Data Suppressed,Data Suppressed,Data Suppressed,Data Suppressed,Data Suppressed
197,85543,377,390,390,393,393,400,410,420,436,446,462,462,479,484,491,495,513,527,529,567,567
198,85544,17,17,18,18,18,18,18,18,18,18,18,18,18,18,20,20,20,20,20,20,20
199,85545,1-10,1-10,1-10,1-10,1-10,1-10,1-10,1-10,1-10,1-10,1-10,1-10,1-10,1-10,1-10,1-10,1-10,1-10,1-10,1-10,1-10
200,85546,423,428,435,442,442,446,450,453,462,467,477,477,487,494,503,512,530,541,545,567,567
201,85550,1063,1070,1073,1093,1093,1132,1138,1164,1176,1186,1187,1187,1201,1210,1222,1229,1266,1275,1277,1331,1331
202,85550 Tribal,Data Suppressed,Data Suppressed,Data Suppressed,Data Suppressed,Data Suppressed,Data Suppressed,Data Suppressed,Data Suppressed,Data Suppressed,Data Suppressed,Data Suppressed,Data Suppressed,Data Suppressed,Data Suppressed,Data Suppressed,Data Suppressed,Data Suppressed,Data Suppressed,Data Suppressed,Data Suppressed,Data Suppressed
203,85552,99,100,100,102,102,105,107,108,110,115,117,117,119,123,126,131,133,137,138,151,151
204,85553,1-10,1-10,1-10,1-10,1-10,1-10,1-10,1-10,1-10,1-10,1-10,1-10,1-10,1-10,11,11,11,11,11,12,12
205,85554,1-10,1-10,1-10,1-10,1-10,1-10,1-10,1-10,1-10,1-10,1-10,1-10,1-10,1-10,1-10,1-10,1-10,1-10,1-10,1-10,1-10
206,85601,1-10,1-10,1-10,1-10,1-10,1-10,1-10,1-10,1-10,1-10,1-10,1-10,1-10,1-10,1-10,1-10,1-10,1-10,1-10,1-10,1-10
207,85602,89,89,91,91,91,91,91,93,94,95,95,95,95,95,97,97,99,99,99,102,102
208,85603,74,74,74,74,74,74,76,76,77,77,77,77,79,79,87,87,88,88,88,93,93
209,85605,11,11,12,12,12,12,12,12,12,12,12,12,13,13,13,13,14,14,14,13,13
210,85606,1-10,1-10,1-10,1-10,1-10,1-10,1-10,1-10,1-10,1-10,1-10,1-10,1-10,1-10,1-10,1-10,1-10,1-10,1-10,1-10,1-10
211,85607,1002,1006,1009,1016,1016,1016,1026,1034,1047,1053,1053,1053,1072,1076,1089,1099,1122,1123,1123,1193,1193
212,85609,1-10,1-10,1-10,1-10,1-10,1-10,1-10,1-10,1-10,1-10,1-10,1-10,1-10,1-10,1-10,1-10,1-10,1-10,1-10,1-10,1-10
213,85610,1-10,1-10,1-10,1-10,1-10,1-10,1-10,1-10,1-10,1-10,1-10,1-10,1-10,1-10,1-10,1-10,1-10,1-10,1-10,1-10,1-10
214,85611,1-10,1-10,1-10,1-10,1-10,1-10,1-10,1-10,1-10,1-10,1-10,1-10,1-10,1-10,1-10,1-10,1-10,1-10,1-10,1-10,1-10
215,85613,46,47,47,49,49,49,49,52,52,52,52,52,52,52,52,52,55,55,55,60,60
216,85614,355,358,362,364,364,370,370,373,376,383,385,385,393,394,404,412,423,434,439,455,455
217,85615,50,50,50,52,52,52,53,53,53,53,53,53,53,53,57,58,60,60,60,64,64
218,85616,28,28,28,28,28,28,28,28,28,28,28,28,28,28,28,28,28,28,28,37,37
219,85617,1-10,1-10,1-10,1-10,1-10,1-10,1-10,1-10,1-10,1-10,1-10,1-10,1-10,1-10,1-10,1-10,1-10,1-10,1-10,1-10,1-10
220,85618,36,36,36,36,36,36,36,36,36,36,36,36,36,36,36,36,38,39,39,40,40
221,85619,0,0,0,0,0,0,0,0,0,0,0,0,0,0,1-10,1-10,1-10,1-10,1-10,1-10,1-10
222,85620,47,47,47,47,47,47,47,47,47,47,47,47,48,48,48,48,49,49,49,50,50
223,85621,1632,1632,1636,1640,1640,1648,1652,1662,1674,1679,1689,1689,1697,1698,1696,1700,1705,1719,1726,1752,1752
224,85622,57,57,57,57,57,58,59,60,61,62,62,62,63,64,65,66,67,69,69,74,74
225,85623,31,31,31,31,31,31,31,31,31,32,34,34,33,33,32,32,32,32,33,33,33
226,85624,1-10,1-10,1-10,1-10,1-10,1-10,1-10,1-10,1-10,1-10,11,11,11,11,11,11,11,11,11,11,11
227,85625,12,12,12,12,12,12,13,14,14,14,15,15,23,24,24,24,24,24,24,25,25
228,85626,43,43,43,43,43,43,44,45,44,45,44,44,43,43,43,43,45,45,45,47,47
229,85629,571,573,576,577,577,582,584,592,602,609,616,616,622,628,632,645,655,669,670,697,697
230,85630,19,19,19,19,19,19,19,19,19,19,19,19,19,19,19,19,19,19,19,24,24
231,85631,33,33,33,33,33,34,34,34,35,37,37,37,37,37,37,37,38,38,38,38,38
232,85632,17,17,17,17,17,17,17,17,17,17,17,17,17,17,17,17,17,17,17,17,17
233,85633,0,0,0,0,0,0,0,0,0,0,0,0,0,0,0,0,0,0,0,0,0
234,85634,299,299,300,300,300,300,302,305,307,309,309,309,313,315,318,322,323,324,324,334,334
235,85635,328,328,329,330,330,331,334,337,341,343,343,343,348,351,353,357,359,359,359,375,375
236,85637,11,11,11,11,11,11,11,11,11,11,11,11,11,11,11,12,12,12,12,12,12
237,85638,12,12,12,12,12,12,12,13,13,13,13,13,13,13,13,13,14,14,14,16,16
238,85639,1-10,1-10,1-10,1-10,1-10,1-10,1-10,1-10,1-10,1-10,1-10,1-10,1-10,1-10,1-10,1-10,1-10,1-10,1-10,1-10,1-10
239,85640,0,0,0,0,0,0,0,0,0,0,0,0,0,0,0,0,0,0,0,0,0
240,85641,328,330,332,331,331,334,342,344,357,364,373,373,380,387,388,394,396,398,401,419,419
241,85643,192,192,193,195,195,195,198,199,199,201,202,202,214,222,227,234,239,239,239,261,261
242,85645,51,51,51,51,51,52,52,53,53,53,53,53,54,54,54,57,57,57,57,58,58
243,85646,13,13,13,13,13,13,13,13,13,13,13,13,13,13,13,13,13,13,13,14,14
244,85648,1245,1245,1245,1246,1246,1254,1259,1265,1272,1275,1287,1287,1294,1296,1302,1312,1313,1320,1326,1343,1343
245,85650,116,116,118,120,120,119,122,123,124,124,124,124,126,127,127,129,134,134,134,144,144
246,85653,204,205,206,208,208,214,215,218,220,224,225,225,230,231,235,239,240,242,243,254,254
247,85658,135,135,135,135,135,138,140,144,144,145,149,149,151,151,157,159,161,170,170,175,175
248,85701,143,143,146,146,146,148,149,148,148,149,150,150,153,158,159,161,165,169,169,175,175
249,85704,585,587,588,589,589,605,612,616,617,620,625,625,628,631,637,647,652,661,661,673,673
250,85705,1590,1593,1599,1599,1599,1615,1630,1637,1645,1668,1679,1679,1707,1714,1723,1738,1753,1764,1764,1817,1817
251,85706,2960,2972,2987,2994,2994,3016,3034,3045,3071,3092,3115,3115,3137,3144,3154,3176,3208,3235,3238,3299,3299
252,85707,15,15,15,15,15,15,16,16,16,16,17,17,17,17,17,17,17,17,17,17,17
253,85708,16,16,16,16,16,16,17,17,17,18,18,18,20,21,21,21,21,21,21,21,21
254,85710,971,974,977,979,979,991,1001,1003,1010,1031,1039,1039,1050,1056,1059,1072,1080,1096,1097,1118,1118
255,85711,930,934,935,938,938,941,945,946,952,963,966,966,977,981,990,1000,1010,1019,1026,1039,1039
256,85712,853,855,856,855,855,858,859,863,869,873,876,876,881,881,884,896,901,904,904,917,917
257,85713,1688,1689,1696,1693,1693,1713,1721,1727,1738,1752,1762,1762,1774,1780,1794,1806,1824,1844,1846,1888,1888
258,85714,746,748,751,754,754,756,757,756,761,766,770,770,776,781,786,794,799,812,813,832,832
259,85715,283,285,285,285,285,294,295,295,297,304,306,306,310,311,311,316,319,326,327,339,339
260,85716,629,634,640,638,638,643,644,645,649,653,658,658,669,672,674,675,688,695,696,717,717
261,85718,348,352,354,353,353,357,361,365,370,370,373,373,376,378,382,386,389,390,392,399,399
262,85719,2995,2997,3007,3028,3028,3034,3060,3072,3092,3110,3133,3133,3152,3180,3184,3194,3203,3216,3216,3242,3242
263,85730,635,639,645,645,645,651,656,656,662,677,682,682,689,693,697,701,706,717,718,729,729
264,85735,271,271,273,273,273,274,275,276,278,278,278,278,279,280,282,286,286,289,289,295,295
265,85736,72,71,72,72,72,72,73,74,74,74,74,74,76,76,77,77,78,81,81,82,82
266,85737,230,231,233,233,233,235,238,240,241,243,246,246,247,248,249,251,253,254,254,263,263
267,85739,131,133,134,135,135,135,138,138,141,144,150,150,154,153,152,157,157,160,160,164,164
268,85741,636,642,648,648,648,656,660,662,668,671,674,674,678,677,682,689,696,706,708,734,734
269,85742,354,355,355,357,357,361,361,366,373,378,384,384,386,386,392,397,401,405,405,419,419
270,85743,401,404,411,411,411,414,416,418,423,425,428,428,430,430,437,445,449,456,457,472,472
271,85745,880,881,882,882,882,883,890,896,904,916,922,922,933,939,949,964,981,998,1000,1031,1031
272,85746,1975,1986,1991,1993,1993,2014,2022,2034,2040,2064,2075,2075,2106,2116,2123,2144,2172,2195,2201,2257,2257
273,85747,404,405,413,415,415,420,429,431,436,453,460,460,468,472,476,484,492,499,502,525,525
274,85748,310,311,309,311,311,314,314,315,317,321,322,322,327,328,329,337,342,345,346,353,353
275,85749,206,206,207,207,207,209,210,212,215,218,222,222,225,226,228,233,237,239,239,242,242
276,85750,271,271,273,276,276,278,283,284,288,295,303,303,307,309,313,317,319,328,328,336,336
277,85755,157,157,158,156,156,158,158,159,161,163,162,162,165,166,167,167,171,170,171,175,175
278,85756,2232,2240,2247,2250,2250,2267,2341,2346,2358,2378,2415,2415,2463,2473,2480,2512,2538,2596,2617,2680,2680
279,85757,1045,1047,1051,1053,1053,1063,1064,1070,1077,1087,1095,1095,1108,1109,1114,1129,1140,1154,1157,1174,1174
280,85901,521,528,529,545,545,548,549,570,584,595,599,599,606,625,631,651,667,669,672,691,691
281,85911,0,0,0,0,0,0,0,0,0,0,0,0,0,0,0,0,0,0,0,0,0
282,85911 Tribal,Data Suppressed,Data Suppressed,Data Suppressed,Data Suppressed,Data Suppressed,Data Suppressed,Data Suppressed,Data Suppressed,Data Suppressed,Data Suppressed,Data Suppressed,Data Suppressed,Data Suppressed,Data Suppressed,Data Suppressed,Data Suppressed,Data Suppressed,Data Suppressed,Data Suppressed,Data Suppressed,Data Suppressed
283,85920,1-10,1-10,1-10,1-10,1-10,1-10,1-10,1-10,1-10,1-10,1-10,1-10,1-10,1-10,1-10,1-10,1-10,1-10,1-10,1-10,1-10
284,85922,0,0,0,0,0,0,0,0,0,0,0,0,0,0,0,0,0,0,0,0,0
285,85923,1-10,1-10,1-10,1-10,1-10,1-10,1-10,1-10,1-10,1-10,1-10,1-10,1-10,1-10,1-10,1-10,1-10,1-10,1-10,1-10,1-10
286,85924,27,27,27,27,27,27,27,28,27,27,27,27,27,25,25,25,25,25,25,29,29
287,85925,62,62,64,64,64,65,68,68,70,70,70,70,72,72,72,73,73,74,73,76,76
288,85926 Tribal,Data Suppressed,Data Suppressed,Data Suppressed,Data Suppressed,Data Suppressed,Data Suppressed,Data Suppressed,Data Suppressed,Data Suppressed,Data Suppressed,Data Suppressed,Data Suppressed,Data Suppressed,Data Suppressed,Data Suppressed,Data Suppressed,Data Suppressed,Data Suppressed,Data Suppressed,Data Suppressed,Data Suppressed
289,85927,1-10,1-10,1-10,1-10,1-10,1-10,1-10,1-10,1-10,1-10,1-10,1-10,1-10,1-10,1-10,1-10,1-10,1-10,1-10,1-10,1-10
290,85928,1-10,1-10,1-10,1-10,1-10,1-10,1-10,1-10,1-10,1-10,1-10,1-10,1-10,1-10,1-10,1-10,1-10,1-10,1-10,1-10,1-10
291,85929,200,198,197,198,198,200,200,212,214,214,216,216,217,222,225,230,229,231,230,236,236
292,85930 Tribal,Data Suppressed,Data Suppressed,Data Suppressed,Data Suppressed,Data Suppressed,Data Suppressed,Data Suppressed,Data Suppressed,Data Suppressed,Data Suppressed,Data Suppressed,Data Suppressed,Data Suppressed,Data Suppressed,Data Suppressed,Data Suppressed,Data Suppressed,Data Suppressed,Data Suppressed,Data Suppressed,Data Suppressed
293,85931,0,0,0,0,0,0,0,0,0,0,0,0,0,0,0,0,0,0,0,0,0
294,85932,0,0,0,0,0,0,0,0,0,0,0,0,0,0,0,0,0,0,0,0,0
295,85933,38,38,39,40,40,40,37,38,39,39,39,39,42,42,44,44,44,46,46,47,47
296,85934,1-10,1-10,1-10,1-10,1-10,1-10,1-10,1-10,1-10,1-10,1-10,1-10,1-10,1-10,1-10,1-10,1-10,1-10,1-10,1-10,1-10
297,85935,124,125,126,126,126,127,127,128,128,128,128,128,129,130,133,134,134,134,134,136,136
298,85936,37,37,37,37,37,38,43,48,48,49,49,49,51,54,54,56,56,56,57,63,63
299,85937,165,165,166,166,166,167,167,168,172,174,176,176,177,176,176,178,179,179,181,183,183
300,85938,78,78,80,80,80,80,81,81,82,83,83,83,83,80,79,81,81,81,81,83,83
301,85939,63,63,64,64,64,65,65,69,70,71,73,73,75,74,74,78,79,79,79,79,79
302,85940,19,19,19,19,19,19,19,19,19,20,20,20,20,20,21,21,21,21,21,21,21
303,85941 Tribal,Data Suppressed,Data Suppressed,Data Suppressed,Data Suppressed,Data Suppressed,Data Suppressed,Data Suppressed,Data Suppressed,Data Suppressed,Data Suppressed,Data Suppressed,Data Suppressed,Data Suppressed,Data Suppressed,Data Suppressed,Data Suppressed,Data Suppressed,Data Suppressed,Data Suppressed,Data Suppressed,Data Suppressed
304,85942,0,0,0,0,0,0,0,0,0,0,0,0,0,0,0,0,0,0,0,0,0
305,86001,1106,1111,1108,1120,1120,1126,1134,1149,1163,1171,1167,1167,1181,1183,1211,1229,1257,1266,1270,1295,1295
306,86004,977,990,1017,1036,1036,1052,1065,1082,1096,1113,1111,1111,1116,1118,1131,1141,1159,1165,1166,1189,1189
307,86005,291,293,299,301,301,304,308,316,319,322,323,323,324,329,335,335,340,346,346,361,361
308,86015,16,15,15,15,15,15,16,17,17,18,18,18,18,18,18,18,17,17,17,18,18
309,86016,0,0,0,0,0,0,0,0,0,0,0,0,0,0,0,0,0,0,0,0,0
310,86016 Tribal,Data Suppressed,Data Suppressed,Data Suppressed,Data Suppressed,Data Suppressed,Data Suppressed,Data Suppressed,Data Suppressed,Data Suppressed,Data Suppressed,Data Suppressed,Data Suppressed,Data Suppressed,Data Suppressed,Data Suppressed,Data Suppressed,Data Suppressed,Data Suppressed,Data Suppressed,Data Suppressed,Data Suppressed
311,86017,11,11,11,11,11,11,11,12,12,12,12,12,12,12,13,13,14,15,15,16,16
312,86018,1-10,1-10,1-10,1-10,1-10,1-10,1-10,1-10,1-10,11,12,12,12,12,12,13,13,13,13,14,14
313,86020,0,0,0,0,0,0,0,0,0,0,0,0,0,0,0,0,0,0,0,0,0
314,86020 Tribal,Data Suppressed,Data Suppressed,Data Suppressed,Data Suppressed,Data Suppressed,Data Suppressed,Data Suppressed,Data Suppressed,Data Suppressed,Data Suppressed,Data Suppressed,Data Suppressed,Data Suppressed,Data Suppressed,Data Suppressed,Data Suppressed,Data Suppressed,Data Suppressed,Data Suppressed,Data Suppressed,Data Suppressed
315,86021,58,58,58,58,58,61,61,62,65,65,65,65,65,65,66,68,68,68,68,76,76
316,86022,27,27,27,27,27,28,29,30,28,29,29,29,30,30,30,31,31,33,33,35,35
317,86023,58,58,58,59,59,59,58,59,58,58,58,58,58,58,58,58,60,62,62,61,61
318,86024,1-10,1-10,1-10,1-10,1-10,1-10,1-10,1-10,1-10,1-10,1-10,1-10,11,11,11,12,14,14,14,14,14
319,86025,137,138,140,141,141,143,143,144,144,147,149,149,152,151,154,154,156,156,160,166,166
320,86029,29,29,31,31,31,31,30,30,30,30,30,30,30,30,30,32,31,31,32,30,30
321,86030 Tribal,Data Suppressed,Data Suppressed,Data Suppressed,Data Suppressed,Data Suppressed,Data Suppressed,Data Suppressed,Data Suppressed,Data Suppressed,Data Suppressed,Data Suppressed,Data Suppressed,Data Suppressed,Data Suppressed,Data Suppressed,Data Suppressed,Data Suppressed,Data Suppressed,Data Suppressed,Data Suppressed,Data Suppressed
322,86032,32,32,32,32,32,32,31,31,33,33,34,34,34,34,34,34,36,38,39,40,40
323,86033,0,0,0,0,0,0,0,0,0,0,0,0,0,0,0,0,0,0,0,0,0
324,86033 Tribal,Data Suppressed,Data Suppressed,Data Suppressed,Data Suppressed,Data Suppressed,Data Suppressed,Data Suppressed,Data Suppressed,Data Suppressed,Data Suppressed,Data Suppressed,Data Suppressed,Data Suppressed,Data Suppressed,Data Suppressed,Data Suppressed,Data Suppressed,Data Suppressed,Data Suppressed,Data Suppressed,Data Suppressed
325,86034 Tribal,Data Suppressed,Data Suppressed,Data Suppressed,Data Suppressed,Data Suppressed,Data Suppressed,Data Suppressed,Data Suppressed,Data Suppressed,Data Suppressed,Data Suppressed,Data Suppressed,Data Suppressed,Data Suppressed,Data Suppressed,Data Suppressed,Data Suppressed,Data Suppressed,Data Suppressed,Data Suppressed,Data Suppressed
326,86035,0,0,0,0,0,0,0,0,0,0,0,0,0,0,0,0,0,0,0,0,0
327,86035 Tribal,Data Suppressed,Data Suppressed,Data Suppressed,Data Suppressed,Data Suppressed,Data Suppressed,Data Suppressed,Data Suppressed,Data Suppressed,Data Suppressed,Data Suppressed,Data Suppressed,Data Suppressed,Data Suppressed,Data Suppressed,Data Suppressed,Data Suppressed,Data Suppressed,Data Suppressed,Data Suppressed,Data Suppressed
328,86036,1-10,1-10,1-10,1-10,1-10,1-10,1-10,1-10,1-10,1-10,1-10,1-10,1-10,1-10,1-10,1-10,1-10,1-10,1-10,1-10,1-10
329,86038,0,0,0,0,0,0,0,0,0,0,0,0,0,0,0,0,0,0,0,0,0
330,86040,384,387,388,394,394,394,395,403,400,404,412,412,417,425,430,433,435,443,443,460,460
331,86042,0,0,0,0,0,0,0,0,0,0,0,0,0,0,0,0,0,0,0,0,0
332,86042 Tribal,Data Suppressed,Data Suppressed,Data Suppressed,Data Suppressed,Data Suppressed,Data Suppressed,Data Suppressed,Data Suppressed,Data Suppressed,Data Suppressed,Data Suppressed,Data Suppressed,Data Suppressed,Data Suppressed,Data Suppressed,Data Suppressed,Data Suppressed,Data Suppressed,Data Suppressed,Data Suppressed,Data Suppressed
333,86043,0,0,0,0,0,0,0,0,0,0,0,0,0,0,0,0,0,0,0,0,0
334,86043 Tribal,Data Suppressed,Data Suppressed,Data Suppressed,Data Suppressed,Data Suppressed,Data Suppressed,Data Suppressed,Data Suppressed,Data Suppressed,Data Suppressed,Data Suppressed,Data Suppressed,Data Suppressed,Data Suppressed,Data Suppressed,Data Suppressed,Data Suppressed,Data Suppressed,Data Suppressed,Data Suppressed,Data Suppressed
335,86044,0,0,0,0,0,0,0,0,0,0,0,0,0,0,0,0,0,0,0,0,0
336,86044 Tribal,Data Suppressed,Data Suppressed,Data Suppressed,Data Suppressed,Data Suppressed,Data Suppressed,Data Suppressed,Data Suppressed,Data Suppressed,Data Suppressed,Data Suppressed,Data Suppressed,Data Suppressed,Data Suppressed,Data Suppressed,Data Suppressed,Data Suppressed,Data Suppressed,Data Suppressed,Data Suppressed,Data Suppressed
337,86045,0,0,0,0,0,0,0,0,0,0,0,0,0,0,0,0,0,0,0,0,0
338,86045 Tribal,Data Suppressed,Data Suppressed,Data Suppressed,Data Suppressed,Data Suppressed,Data Suppressed,Data Suppressed,Data Suppressed,Data Suppressed,Data Suppressed,Data Suppressed,Data Suppressed,Data Suppressed,Data Suppressed,Data Suppressed,Data Suppressed,Data Suppressed,Data Suppressed,Data Suppressed,Data Suppressed,Data Suppressed
339,86046,94,95,95,96,96,96,97,100,101,103,103,103,102,101,102,104,105,105,105,110,110
340,86047,686,692,698,704,704,707,712,721,731,743,760,760,769,769,777,784,787,790,793,808,808
341,86052,0,0,0,0,0,0,0,0,0,0,0,0,0,0,0,0,0,1-10,1-10,1-10,1-10
342,86053 Tribal,Data Suppressed,Data Suppressed,Data Suppressed,Data Suppressed,Data Suppressed,Data Suppressed,Data Suppressed,Data Suppressed,Data Suppressed,Data Suppressed,Data Suppressed,Data Suppressed,Data Suppressed,Data Suppressed,Data Suppressed,Data Suppressed,Data Suppressed,Data Suppressed,Data Suppressed,Data Suppressed,Data Suppressed
343,86054,0,0,0,0,0,0,0,0,0,0,0,0,0,0,0,0,0,0,0,0,0
344,86054 Tribal,Data Suppressed,Data Suppressed,Data Suppressed,Data Suppressed,Data Suppressed,Data Suppressed,Data Suppressed,Data Suppressed,Data Suppressed,Data Suppressed,Data Suppressed,Data Suppressed,Data Suppressed,Data Suppressed,Data Suppressed,Data Suppressed,Data Suppressed,Data Suppressed,Data Suppressed,Data Suppressed,Data Suppressed
345,86301,313,313,313,313,313,316,317,319,319,321,321,321,324,326,329,330,334,334,334,343,343
346,86303,178,181,181,182,182,184,185,185,186,187,189,189,196,196,198,198,208,208,208,213,213
347,86305,178,183,182,185,185,186,186,188,193,201,201,201,207,208,209,209,209,209,209,224,224
348,86314,595,599,601,601,601,607,609,609,611,613,614,614,623,623,627,626,642,643,643,661,661
349,86315,91,91,90,92,92,94,94,94,95,96,96,96,97,97,98,99,104,105,105,112,112
350,86320,18,18,18,18,18,18,18,18,18,18,18,18,18,18,18,18,18,18,18,18,18
351,86321,16,16,16,16,16,16,16,17,17,18,18,18,18,18,18,18,20,21,21,24,24
352,86322,184,186,187,192,192,194,198,206,209,211,211,211,226,228,233,233,251,251,251,262,262
353,86323,157,157,157,157,157,157,158,158,160,161,161,161,164,165,165,165,167,167,167,171,171
354,86324,72,74,74,74,74,74,73,74,74,76,76,76,76,76,76,77,79,79,79,80,80
355,86325,40,41,41,42,42,43,44,46,45,51,50,50,50,51,52,52,54,54,54,59,59
356,86326,412,416,418,422,422,424,426,433,437,444,449,449,463,464,465,467,501,503,503,529,529
357,86327,133,133,133,133,133,133,134,134,134,134,134,134,137,137,137,137,141,141,141,143,143
358,86329,16,16,16,16,16,16,16,16,16,16,16,16,16,16,16,16,16,16,16,16,16
359,86331,1-10,1-10,1-10,1-10,1-10,1-10,1-10,1-10,1-10,1-10,1-10,1-10,1-10,1-10,1-10,1-10,1-10,1-10,1-10,1-10,1-10
360,86332,1-10,1-10,1-10,1-10,1-10,1-10,1-10,1-10,1-10,1-10,1-10,1-10,1-10,1-10,1-10,1-10,1-10,1-10,1-10,1-10,1-10
361,86333,71,71,73,74,74,76,75,76,77,77,77,77,76,77,77,77,76,76,76,78,78
362,86334,80,80,80,80,80,80,80,80,80,80,80,80,80,80,80,80,80,80,80,83,83
363,86335,53,55,57,58,58,61,63,63,65,68,69,69,72,71,71,71,79,79,79,83,83
364,86336,116,117,119,122,122,128,129,130,130,130,130,130,136,135,138,137,154,154,154,160,160
365,86337,1-10,1-10,1-10,1-10,1-10,1-10,1-10,1-10,1-10,1-10,1-10,1-10,1-10,1-10,1-10,1-10,1-10,1-10,1-10,1-10,1-10
366,86338,1-10,1-10,1-10,1-10,1-10,1-10,1-10,1-10,1-10,1-10,1-10,1-10,1-10,1-10,1-10,1-10,1-10,1-10,1-10,1-10,1-10
367,86343,1-10,1-10,1-10,1-10,1-10,1-10,1-10,1-10,1-10,1-10,1-10,1-10,1-10,1-10,1-10,1-10,1-10,1-10,1-10,1-10,1-10
368,86351,42,41,42,42,42,42,41,41,41,41,41,41,43,43,43,43,46,46,46,49,49
369,86401,316,314,321,324,324,336,338,342,346,349,349,349,365,364,373,378,392,395,398,414,414
370,86403,393,396,398,397,397,405,405,405,408,417,419,419,426,429,431,435,442,443,443,456,456
371,86404,365,364,365,365,365,370,372,376,377,383,383,383,392,392,395,399,406,407,407,418,418
372,86406,560,563,570,572,572,575,578,579,582,587,589,589,601,601,606,612,630,633,633,649,649
373,86409,244,249,250,253,253,259,260,264,266,271,271,271,280,285,287,297,300,304,304,321,321
374,86411,0,0,0,0,0,0,0,0,0,0,0,0,0,0,0,0,0,0,0,0,0
375,86413,129,129,130,129,129,129,128,130,132,136,136,136,140,142,144,146,149,151,151,155,155
376,86426,392,393,394,395,395,394,395,397,398,400,400,400,406,406,410,414,418,420,420,429,429
377,86429,135,137,137,137,137,138,140,140,140,141,141,141,147,150,151,152,152,152,152,153,153
378,86432,69,69,69,69,69,69,73,73,73,76,79,79,80,83,83,85,86,86,86,86,86
379,86433,0,0,0,0,0,0,0,0,0,0,0,0,0,0,0,0,0,0,0,0,0
380,86434,0,0,0,0,0,0,0,0,0,0,0,0,0,0,0,0,0,0,0,0,0
381,86434 Tribal,Data Suppressed,Data Suppressed,Data Suppressed,Data Suppressed,Data Suppressed,Data Suppressed,Data Suppressed,Data Suppressed,Data Suppressed,Data Suppressed,Data Suppressed,Data Suppressed,Data Suppressed,Data Suppressed,Data Suppressed,Data Suppressed,Data Suppressed,Data Suppressed,Data Suppressed,Data Suppressed,Data Suppressed
382,86435,0,0,0,0,0,0,0,0,0,0,0,0,0,0,0,0,0,0,0,0,0
383,86435 Tribal,Data Suppressed,Data Suppressed,Data Suppressed,Data Suppressed,Data Suppressed,Data Suppressed,Data Suppressed,Data Suppressed,Data Suppressed,Data Suppressed,Data Suppressed,Data Suppressed,Data Suppressed,Data Suppressed,Data Suppressed,Data Suppressed,Data Suppressed,Data Suppressed,Data Suppressed,Data Suppressed,Data Suppressed
384,86436,26,26,26,26,26,26,26,26,26,26,26,26,26,26,26,26,26,26,26,26,26
385,86437,1-10,1-10,1-10,1-10,1-10,1-10,1-10,1-10,1-10,1-10,1-10,1-10,1-10,1-10,1-10,1-10,1-10,1-10,1-10,1-10,1-10
386,86438,1-10,1-10,1-10,1-10,1-10,1-10,1-10,1-10,1-10,1-10,1-10,1-10,1-10,1-10,1-10,1-10,1-10,1-10,1-10,1-10,1-10
387,86440,303,304,306,306,306,308,310,312,312,311,312,312,312,310,317,317,324,325,325,329,329
388,86441,17,17,17,17,17,17,17,17,17,17,18,18,18,18,18,18,18,18,18,19,19
389,86442,1025,1027,1026,1027,1027,1032,1040,1049,1055,1064,1068,1068,1082,1084,1095,1106,1115,1120,1120,1149,1149
390,86443,0,0,0,0,0,0,0,0,0,0,0,0,0,0,0,0,0,0,0,0,0
391,86444,1-10,1-10,1-10,1-10,1-10,1-10,1-10,1-10,1-10,1-10,1-10,1-10,1-10,1-10,1-10,1-10,1-10,1-10,1-10,1-10,1-10
392,86445,1-10,1-10,1-10,1-10,1-10,1-10,1-10,1-10,1-10,1-10,1-10,1-10,1-10,1-10,1-10,1-10,1-10,1-10,1-10,1-10,1-10
393,86502,114,114,114,118,118,118,118,118,119,119,119,119,121,122,124,125,125,125,125,127,127
394,86502 Tribal,Data Suppressed,Data Suppressed,Data Suppressed,Data Suppressed,Data Suppressed,Data Suppressed,Data Suppressed,Data Suppressed,Data Suppressed,Data Suppressed,Data Suppressed,Data Suppressed,Data Suppressed,Data Suppressed,Data Suppressed,Data Suppressed,Data Suppressed,Data Suppressed,Data Suppressed,Data Suppressed,Data Suppressed
395,86503,0,0,0,0,0,0,0,0,0,0,0,0,0,0,0,0,0,0,0,0,0
396,86503 Tribal,Data Suppressed,Data Suppressed,Data Suppressed,Data Suppressed,Data Suppressed,Data Suppressed,Data Suppressed,Data Suppressed,Data Suppressed,Data Suppressed,Data Suppressed,Data Suppressed,Data Suppressed,Data Suppressed,Data Suppressed,Data Suppressed,Data Suppressed,Data Suppressed,Data Suppressed,Data Suppressed,Data Suppressed
397,86505,35,35,35,35,35,35,35,35,35,35,35,35,35,35,35,36,36,36,36,38,38
398,86505 Tribal,Data Suppressed,Data Suppressed,Data Suppressed,Data Suppressed,Data Suppressed,Data Suppressed,Data Suppressed,Data Suppressed,Data Suppressed,Data Suppressed,Data Suppressed,Data Suppressed,Data Suppressed,Data Suppressed,Data Suppressed,Data Suppressed,Data Suppressed,Data Suppressed,Data Suppressed,Data Suppressed,Data Suppressed
399,86507,0,0,0,0,0,0,0,0,0,0,0,0,0,0,0,0,0,0,0,0,0
400,86507 Tribal,Data Suppressed,Data Suppressed,Data Suppressed,Data Suppressed,Data Suppressed,Data Suppressed,Data Suppressed,Data Suppressed,Data Suppressed,Data Suppressed,Data Suppressed,Data Suppressed,Data Suppressed,Data Suppressed,Data Suppressed,Data Suppressed,Data Suppressed,Data Suppressed,Data Suppressed,Data Suppressed,Data Suppressed
401,86510 Tribal,Data Suppressed,Data Suppressed,Data Suppressed,Data Suppressed,Data Suppressed,Data Suppressed,Data Suppressed,Data Suppressed,Data Suppressed,Data Suppressed,Data Suppressed,Data Suppressed,Data Suppressed,Data Suppressed,Data Suppressed,Data Suppressed,Data Suppressed,Data Suppressed,Data Suppressed,Data Suppressed,Data Suppressed
402,86511,1-10,1-10,1-10,1-10,1-10,1-10,1-10,1-10,1-10,1-10,1-10,1-10,1-10,1-10,1-10,1-10,1-10,1-10,1-10,1-10,1-10
403,86511 Tribal,Data Suppressed,Data Suppressed,Data Suppressed,Data Suppressed,Data Suppressed,Data Suppressed,Data Suppressed,Data Suppressed,Data Suppressed,Data Suppressed,Data Suppressed,Data Suppressed,Data Suppressed,Data Suppressed,Data Suppressed,Data Suppressed,Data Suppressed,Data Suppressed,Data Suppressed,Data Suppressed,Data Suppressed
404,86514,0,0,0,0,0,0,0,0,0,0,0,0,0,0,0,0,0,0,0,0,0
405,86514 Tribal,Data Suppressed,Data Suppressed,Data Suppressed,Data Suppressed,Data Suppressed,Data Suppressed,Data Suppressed,Data Suppressed,Data Suppressed,Data Suppressed,Data Suppressed,Data Suppressed,Data Suppressed,Data Suppressed,Data Suppressed,Data Suppressed,Data Suppressed,Data Suppressed,Data Suppressed,Data Suppressed,Data Suppressed
406,86515,0,0,0,0,0,0,0,0,0,0,0,0,0,0,0,0,0,0,0,0,0
407,86515 Tribal,Data Suppressed,Data Suppressed,Data Suppressed,Data Suppressed,Data Suppressed,Data Suppressed,Data Suppressed,Data Suppressed,Data Suppressed,Data Suppressed,Data Suppressed,Data Suppressed,Data Suppressed,Data Suppressed,Data Suppressed,Data Suppressed,Data Suppressed,Data Suppressed,Data Suppressed,Data Suppressed,Data Suppressed
408,86538 Tribal,Data Suppressed,Data Suppressed,Data Suppressed,Data Suppressed,Data Suppressed,Data Suppressed,Data Suppressed,Data Suppressed,Data Suppressed,Data Suppressed,Data Suppressed,Data Suppressed,Data Suppressed,Data Suppressed,Data Suppressed,Data Suppressed,Data Suppressed,Data Suppressed,Data Suppressed,Data Suppressed,Data Suppressed
409,86556 Tribal,Data Suppressed,Data Suppressed,Data Suppressed,Data Suppressed,Data Suppressed,Data Suppressed,Data Suppressed,Data Suppressed,Data Suppressed,Data Suppressed,Data Suppressed,Data Suppressed,Data Suppressed,Data Suppressed,Data Suppressed,Data Suppressed,Data Suppressed,Data Suppressed,Data Suppressed,Data Suppressed,Data Suppressed
